WO,District,LeadTech,Service,Rush,ReqDate,WorkDate,Techs,WtyLbr,WtyParts,LbrHrs,PartsCost,Payment,Wait,LbrRate,LbrCost,LbrFee,PartsFee,TotalCost,TotalFee,ReqDay,WorkDay
A00100,North,Khan,Assess,,01-Sep-20,15-Sep-20,2,,,0.5,360.0,Account,14,#REF!,#REF!,#REF!,360.0,#REF!,#REF!,Tue,Tue
A00101,South,Lopez,Replace,,01-Sep-20,04-Sep-20,1,,,0.5,90.04,Account,3,#REF!,#REF!,#REF!,90.04,#REF!,#REF!,Tue,Fri
A00102,Central,Cartier,Deliver,,01-Sep-20,17-Sep-20,1,,,0.25,120.0,P.O.,16,#REF!,#REF!,#REF!,120.0,#REF!,#REF!,Tue,Thu
A00103,South,Lopez,Deliver,,01-Sep-20,17-Sep-20,1,,,0.25,16.25,Account,16,#REF!,#REF!,#REF!,16.25,#REF!,#REF!,Tue,Thu
A00104,Northwest,Cartier,Deliver,Yes,01-Sep-20,17-Sep-20,1,,,0.25,45.24,Account,16,#REF!,#REF!,#REF!,45.24,#REF!,#REF!,Tue,Thu
A00105,South,Lopez,Assess,,01-Sep-20,15-Sep-20,1,,,0.25,97.63,Account,14,#REF!,#REF!,#REF!,97.63,#REF!,#REF!,Tue,Tue
A00106,Central,Cartier,Assess,,02-Sep-20,16-Sep-20,2,,,0.25,29.13,Account,14,#REF!,#REF!,#REF!,29.13,#REF!,#REF!,Wed,Wed
A00107,South,Lopez,Replace,,02-Sep-20,02-Oct-20,1,,,0.75,35.1,Account,30,#REF!,#REF!,#REF!,35.1,#REF!,#REF!,Wed,Fri
A00108,Northwest,Burton,Deliver,,02-Sep-20,01-Oct-20,1,,,0.25,76.7,C.O.D.,29,#REF!,#REF!,#REF!,76.7,#REF!,#REF!,Wed,Thu
A00109,Central,Khan,Repair,Yes,02-Sep-20,06-Oct-20,1,,,1.5,374.08,C.O.D.,34,#REF!,#REF!,#REF!,374.08,#REF!,#REF!,Wed,Tue
A00110,West,Burton,Replace,,02-Sep-20,08-Dec-20,2,,,4.75,832.16,Account,97,#REF!,#REF!,#REF!,832.16,#REF!,#REF!,Wed,Tue
A00111,South,Lopez,Deliver,Yes,03-Sep-20,23-Sep-20,1,,,0.25,70.21,Account,20,#REF!,#REF!,#REF!,70.21,#REF!,#REF!,Thu,Wed
A00112,West,Burton,Assess,,04-Sep-20,30-Sep-20,1,,,0.5,150.0,P.O.,26,#REF!,#REF!,#REF!,150.0,#REF!,#REF!,Fri,Wed
A00113,Central,Michner,Assess,,04-Sep-20,24-Oct-20,2,,,1.5,275.0,C.O.D.,50,#REF!,#REF!,#REF!,275.0,#REF!,#REF!,Fri,Sat
A00114,Northwest,Khan,Replace,Yes,04-Sep-20,10-Nov-20,1,,,0.75,938.0,C.O.D.,67,#REF!,#REF!,#REF!,938.0,#REF!,#REF!,Fri,Tue
A00115,South,Lopez,Assess,,05-Sep-20,21-Sep-20,1,,,0.25,61.25,Account,16,#REF!,#REF!,#REF!,61.25,#REF!,#REF!,Sat,Mon
A00116,West,Burton,Assess,,05-Sep-20,22-Sep-20,1,,,1.5,48.0,C.O.D.,17,#REF!,#REF!,#REF!,48.0,#REF!,#REF!,Sat,Tue
A00117,Northwest,Burton,Assess,,07-Sep-20,10-Sep-20,2,,,0.25,204.28,Account,3,#REF!,#REF!,#REF!,204.28,#REF!,#REF!,Mon,Thu
A00118,Northwest,Cartier,Replace,,08-Sep-20,15-Sep-20,2,,,0.5,240.0,Account,7,#REF!,#REF!,#REF!,240.0,#REF!,#REF!,Tue,Tue
A00119,Southeast,Khan,Replace,,08-Sep-20,21-Sep-20,2,,,0.5,120.0,Account,13,#REF!,#REF!,#REF!,120.0,#REF!,#REF!,Tue,Mon
A00120,Central,Cartier,Repair,,08-Sep-20,25-Sep-20,1,,,1.75,475.0,Account,17,#REF!,#REF!,#REF!,475.0,#REF!,#REF!,Tue,Fri
A00121,Southeast,Khan,Replace,,08-Sep-20,22-Sep-20,1,,,1.75,341.0,C.O.D.,14,#REF!,#REF!,#REF!,341.0,#REF!,#REF!,Tue,Tue
A00122,Northwest,Khan,Assess,,08-Sep-20,28-Oct-20,1,,,0.75,61.18,C.O.D.,50,#REF!,#REF!,#REF!,61.18,#REF!,#REF!,Tue,Wed
A00123,Northeast,Ling,Replace,,08-Sep-20,11-Sep-20,1,,,0.5,160.25,Account,3,#REF!,#REF!,#REF!,160.25,#REF!,#REF!,Tue,Fri
A00124,Northwest,Lopez,Assess,,08-Sep-20,28-Sep-20,1,,,0.25,101.78,Account,20,#REF!,#REF!,#REF!,101.78,#REF!,#REF!,Tue,Mon
A00125,Central,Burton,Replace,Yes,08-Sep-20,09-Sep-20,1,,,0.5,14.1,P.O.,1,#REF!,#REF!,#REF!,14.1,#REF!,#REF!,Tue,Wed
A00126,Southwest,Lopez,Assess,Yes,09-Sep-20,14-Sep-20,1,,,1.0,35.35,Account,5,#REF!,#REF!,#REF!,35.35,#REF!,#REF!,Wed,Mon
A00127,West,Lopez,Assess,,09-Sep-20,11-Sep-20,1,,Yes,0.75,349.11,P.O.,2,#REF!,#REF!,#REF!,349.11,#REF!,#REF!,Wed,Fri
A00128,Northeast,Michner,Assess,,10-Sep-20,15-Sep-20,2,,,0.5,118.54,P.O.,5,#REF!,#REF!,#REF!,118.54,#REF!,#REF!,Thu,Tue
A00129,Southwest,Ling,Deliver,,10-Sep-20,15-Sep-20,1,,,0.25,14.2,Account,5,#REF!,#REF!,#REF!,14.2,#REF!,#REF!,Thu,Tue
A00130,Central,Khan,Replace,,11-Sep-20,18-Sep-20,1,,,0.5,60.72,Account,7,#REF!,#REF!,#REF!,60.72,#REF!,#REF!,Fri,Fri
A00131,Northeast,Ling,Replace,Yes,11-Sep-20,14-Sep-20,1,,,2.0,239.29,C.O.D.,3,#REF!,#REF!,#REF!,239.29,#REF!,#REF!,Fri,Mon
A00132,Southeast,Cartier,Replace,,12-Sep-20,14-Sep-20,1,,,1.5,89.91,C.O.D.,2,#REF!,#REF!,#REF!,89.91,#REF!,#REF!,Sat,Mon
A00133,East,Ling,Replace,,12-Sep-20,17-Sep-20,1,,,0.25,331.09,C.O.D.,5,#REF!,#REF!,#REF!,331.09,#REF!,#REF!,Sat,Thu
A00134,Northwest,Burton,Deliver,Yes,13-Sep-20,18-Sep-20,1,,,0.25,65.36,P.O.,5,#REF!,#REF!,#REF!,65.36,#REF!,#REF!,Sun,Fri
A00135,Southwest,Burton,Assess,,13-Sep-20,15-Sep-20,1,,,0.25,27.82,Account,2,#REF!,#REF!,#REF!,27.82,#REF!,#REF!,Sun,Tue
A00136,Northwest,Khan,Assess,,14-Sep-20,04-Oct-20,2,Yes,,0.5,55.45,Account,20,#REF!,#REF!,#REF!,55.45,#REF!,#REF!,Mon,Sun
A00137,North,Lopez,Replace,,14-Sep-20,15-Sep-20,1,,,0.75,103.34,Account,1,#REF!,#REF!,#REF!,103.34,#REF!,#REF!,Mon,Tue
A00138,Southeast,Burton,Assess,Yes,15-Sep-20,20-Sep-20,1,,,0.5,132.96,C.O.D.,5,#REF!,#REF!,#REF!,132.96,#REF!,#REF!,Tue,Sun
A00139,North,Khan,Assess,,15-Sep-20,16-Sep-20,1,,,0.25,161.52,C.O.D.,1,#REF!,#REF!,#REF!,161.52,#REF!,#REF!,Tue,Wed
A00140,Southeast,Burton,Repair,Yes,16-Sep-20,19-Sep-20,1,Yes,,0.25,26.95,P.O.,3,#REF!,#REF!,#REF!,26.95,#REF!,#REF!,Wed,Sat
A00141,Central,Burton,Assess,Yes,16-Sep-20,26-Sep-20,1,,,0.25,285.51,P.O.,10,#REF!,#REF!,#REF!,285.51,#REF!,#REF!,Wed,Sat
A00142,Southwest,Khan,Assess,Yes,17-Sep-20,22-Sep-20,2,,,1.5,240.9,P.O.,5,#REF!,#REF!,#REF!,240.9,#REF!,#REF!,Thu,Tue
A00143,Northeast,Burton,Replace,Yes,17-Sep-20,24-Sep-20,1,,,0.25,107.98,C.O.D.,7,#REF!,#REF!,#REF!,107.98,#REF!,#REF!,Thu,Thu
A00144,Southwest,Burton,Replace,,17-Sep-20,22-Sep-20,1,,,0.75,165.66,Account,5,#REF!,#REF!,#REF!,165.66,#REF!,#REF!,Thu,Tue
A00145,Central,Michner,Assess,,18-Sep-20,23-Sep-20,1,Yes,,1.5,80.88,Account,5,#REF!,#REF!,#REF!,80.88,#REF!,#REF!,Fri,Wed
A00146,North,Ling,Assess,Yes,18-Sep-20,23-Sep-20,1,,,0.25,351.03,P.O.,5,#REF!,#REF!,#REF!,351.03,#REF!,#REF!,Fri,Wed
A00147,Central,Burton,Assess,Yes,19-Sep-20,03-Oct-20,1,,,3.5,21.9,Account,14,#REF!,#REF!,#REF!,21.9,#REF!,#REF!,Sat,Sat
A00148,North,Cartier,Assess,,19-Sep-20,21-Sep-20,1,,,0.25,40.62,C.O.D.,2,#REF!,#REF!,#REF!,40.62,#REF!,#REF!,Sat,Mon
A00149,South,Lopez,Replace,,20-Sep-20,23-Sep-20,1,,,0.25,77.82,Account,3,#REF!,#REF!,#REF!,77.82,#REF!,#REF!,Sun,Wed
A00150,Southeast,Khan,Replace,Yes,20-Sep-20,25-Sep-20,1,,,1.5,62.0,Account,5,#REF!,#REF!,#REF!,62.0,#REF!,#REF!,Sun,Fri
A00151,Southeast,Michner,Assess,,21-Sep-20,22-Sep-20,1,,,0.25,17.07,C.O.D.,1,#REF!,#REF!,#REF!,17.07,#REF!,#REF!,Mon,Tue
A00152,East,Khan,Deliver,Yes,21-Sep-20,24-Sep-20,1,,,0.25,103.45,C.O.D.,3,#REF!,#REF!,#REF!,103.45,#REF!,#REF!,Mon,Thu
A00153,West,Ling,Repair,,22-Sep-20,27-Sep-20,1,,,0.5,22.3,Account,5,#REF!,#REF!,#REF!,22.3,#REF!,#REF!,Tue,Sun
A00154,Southeast,Khan,Replace,,22-Sep-20,12-Oct-20,1,,,0.5,162.96,C.O.D.,20,#REF!,#REF!,#REF!,162.96,#REF!,#REF!,Tue,Mon
A00155,Southeast,Ling,Replace,,23-Sep-20,25-Sep-20,1,,,0.25,62.7,Account,2,#REF!,#REF!,#REF!,62.7,#REF!,#REF!,Wed,Fri
A00156,West,Ling,Assess,,23-Sep-20,24-Sep-20,2,,,0.5,138.4,Account,1,#REF!,#REF!,#REF!,138.4,#REF!,#REF!,Wed,Thu
A00157,West,Lopez,Assess,,24-Sep-20,14-Oct-20,1,,,0.75,33.84,Account,20,#REF!,#REF!,#REF!,33.84,#REF!,#REF!,Thu,Wed
A00158,North,Burton,Replace,,24-Sep-20,29-Sep-20,2,,,0.25,212.55,C.O.D.,5,#REF!,#REF!,#REF!,212.55,#REF!,#REF!,Thu,Tue
A00159,North,Khan,Replace,,25-Sep-20,30-Sep-20,1,,,0.25,24.4,C.O.D.,5,#REF!,#REF!,#REF!,24.4,#REF!,#REF!,Fri,Wed
A00160,Northeast,Ling,Deliver,,25-Sep-20,26-Sep-20,1,,,0.75,63.89,P.O.,1,#REF!,#REF!,#REF!,63.89,#REF!,#REF!,Fri,Sat
A00161,Southwest,Ling,Repair,Yes,26-Sep-20,27-Sep-20,1,,,4.25,76.35,Account,1,#REF!,#REF!,#REF!,76.35,#REF!,#REF!,Sat,Sun
A00162,Northeast,Michner,Replace,Yes,26-Sep-20,03-Oct-20,1,,,0.25,291.91,C.O.D.,7,#REF!,#REF!,#REF!,291.91,#REF!,#REF!,Sat,Sat
A00163,Northwest,Ling,Deliver,,26-Sep-20,06-Oct-20,1,Yes,,0.5,389.53,C.O.D.,10,#REF!,#REF!,#REF!,389.53,#REF!,#REF!,Sat,Tue
A00164,East,Ling,Assess,,27-Sep-20,30-Sep-20,1,,,0.75,26.95,P.O.,3,#REF!,#REF!,#REF!,26.95,#REF!,#REF!,Sun,Wed
A00165,East,Cartier,Deliver,,27-Sep-20,17-Oct-20,2,Yes,,1.0,254.47,C.O.D.,20,#REF!,#REF!,#REF!,254.47,#REF!,#REF!,Sun,Sat
A00166,Northeast,Lopez,Assess,,28-Sep-20,01-Oct-20,2,,,3.5,68.76,Account,3,#REF!,#REF!,#REF!,68.76,#REF!,#REF!,Mon,Thu
A00167,Southeast,Khan,Replace,Yes,28-Sep-20,08-Oct-20,1,,,0.5,78.74,P.O.,10,#REF!,#REF!,#REF!,78.74,#REF!,#REF!,Mon,Thu
A00168,Central,Ling,Assess,Yes,29-Sep-20,01-Oct-20,1,,,1.0,176.11,C.O.D.,2,#REF!,#REF!,#REF!,176.11,#REF!,#REF!,Tue,Thu
A00169,Southwest,Burton,Assess,Yes,29-Sep-20,01-Oct-20,1,,,2.0,109.93,Account,2,#REF!,#REF!,#REF!,109.93,#REF!,#REF!,Tue,Thu
A00170,East,Cartier,Repair,Yes,30-Sep-20,01-Oct-20,1,Yes,,0.5,155.29,Account,1,#REF!,#REF!,#REF!,155.29,#REF!,#REF!,Wed,Thu
A00171,Northwest,Cartier,Repair,,30-Sep-20,05-Oct-20,2,Yes,,0.5,26.05,Account,5,#REF!,#REF!,#REF!,26.05,#REF!,#REF!,Wed,Mon
A00172,West,Lopez,Assess,Yes,01-Oct-20,03-Oct-20,1,,Yes,3.5,156.24,C.O.D.,2,#REF!,#REF!,#REF!,156.24,#REF!,#REF!,Thu,Sat
A00173,West,Ling,Replace,,01-Oct-20,04-Oct-20,1,,,0.5,116.93,P.O.,3,#REF!,#REF!,#REF!,116.93,#REF!,#REF!,Thu,Sun
A00174,South,Cartier,Assess,,02-Oct-20,03-Oct-20,1,,,3.5,69.23,C.O.D.,1,#REF!,#REF!,#REF!,69.23,#REF!,#REF!,Fri,Sat
A00175,North,Ling,Assess,,02-Oct-20,05-Oct-20,1,,,1.0,213.63,P.O.,3,#REF!,#REF!,#REF!,213.63,#REF!,#REF!,Fri,Mon
A00176,East,Ling,Replace,,03-Oct-20,02-Nov-20,2,,,0.25,382.13,C.O.D.,30,#REF!,#REF!,#REF!,382.13,#REF!,#REF!,Sat,Mon
A00177,North,Lopez,Assess,Yes,03-Oct-20,05-Oct-20,1,,,1.0,56.64,C.O.D.,2,#REF!,#REF!,#REF!,56.64,#REF!,#REF!,Sat,Mon
A00178,Southwest,Khan,Assess,,04-Oct-20,24-Oct-20,1,,,1.0,292.65,C.O.D.,20,#REF!,#REF!,#REF!,292.65,#REF!,#REF!,Sun,Sat
A00179,South,Lopez,Replace,,04-Oct-20,03-Nov-20,1,Yes,,0.5,196.2,Account,30,#REF!,#REF!,#REF!,196.2,#REF!,#REF!,Sun,Tue
A00180,Central,Khan,Repair,Yes,05-Oct-20,10-Oct-20,1,,,0.25,18.13,C.O.D.,5,#REF!,#REF!,#REF!,18.13,#REF!,#REF!,Mon,Sat
A00181,Central,Khan,Assess,Yes,05-Oct-20,08-Oct-20,1,,,0.25,63.4,P.O.,3,#REF!,#REF!,#REF!,63.4,#REF!,#REF!,Mon,Thu
A00182,South,Ling,Assess,,05-Oct-20,08-Oct-20,2,,,0.25,107.98,C.O.D.,3,#REF!,#REF!,#REF!,107.98,#REF!,#REF!,Mon,Thu
A00183,South,Khan,Replace,,06-Oct-20,09-Oct-20,1,,,0.75,98.51,Account,3,#REF!,#REF!,#REF!,98.51,#REF!,#REF!,Tue,Fri
A00184,North,Lopez,Deliver,Yes,06-Oct-20,09-Oct-20,2,,,0.5,92.02,C.O.D.,3,#REF!,#REF!,#REF!,92.02,#REF!,#REF!,Tue,Fri
A00185,Northeast,Lopez,Replace,,07-Oct-20,10-Oct-20,1,,,1.0,178.67,Account,3,#REF!,#REF!,#REF!,178.67,#REF!,#REF!,Wed,Sat
A00186,Northwest,Cartier,Assess,Yes,07-Oct-20,17-Oct-20,1,,,0.25,41.01,Account,10,#REF!,#REF!,#REF!,41.01,#REF!,#REF!,Wed,Sat
A00187,North,Ling,Replace,Yes,08-Oct-20,10-Oct-20,1,,,0.5,172.69,C.O.D.,2,#REF!,#REF!,#REF!,172.69,#REF!,#REF!,Thu,Sat
A00188,Central,Lopez,Assess,,08-Oct-20,13-Oct-20,2,,,0.5,60.62,P.O.,5,#REF!,#REF!,#REF!,60.62,#REF!,#REF!,Thu,Tue
A00189,East,Michner,Assess,Yes,09-Oct-20,10-Oct-20,1,,,0.25,284.99,Account,1,#REF!,#REF!,#REF!,284.99,#REF!,#REF!,Fri,Sat
A00190,Northeast,Ling,Repair,,09-Oct-20,14-Oct-20,2,,,0.25,455.49,Account,5,#REF!,#REF!,#REF!,455.49,#REF!,#REF!,Fri,Wed
A00191,Southwest,Lopez,Replace,Yes,10-Oct-20,17-Oct-20,1,,,2.0,161.44,Account,7,#REF!,#REF!,#REF!,161.44,#REF!,#REF!,Sat,Sat
A00192,North,Lopez,Deliver,,10-Oct-20,17-Oct-20,1,,,0.5,18.89,Account,7,#REF!,#REF!,#REF!,18.89,#REF!,#REF!,Sat,Sat
A00193,Southeast,Lopez,Repair,,11-Oct-20,13-Oct-20,1,,,0.25,27.39,Account,2,#REF!,#REF!,#REF!,27.39,#REF!,#REF!,Sun,Tue
A00194,Central,Michner,Assess,,11-Oct-20,16-Oct-20,2,Yes,,0.75,346.84,Account,5,#REF!,#REF!,#REF!,346.84,#REF!,#REF!,Sun,Fri
A00195,Northeast,Michner,Assess,,12-Oct-20,13-Oct-20,1,,,0.25,34.03,C.O.D.,1,#REF!,#REF!,#REF!,34.03,#REF!,#REF!,Mon,Tue
A00196,West,Khan,Deliver,,12-Oct-20,17-Oct-20,1,,,1.5,129.91,C.O.D.,5,#REF!,#REF!,#REF!,129.91,#REF!,#REF!,Mon,Sat
A00197,North,Khan,Assess,,13-Oct-20,16-Oct-20,1,,,0.5,27.42,P.O.,3,#REF!,#REF!,#REF!,27.42,#REF!,#REF!,Tue,Fri
A00198,Northeast,Lopez,Assess,,13-Oct-20,18-Oct-20,2,,,0.5,741.1,C.O.D.,5,#REF!,#REF!,#REF!,741.1,#REF!,#REF!,Tue,Sun
A00199,Southeast,Khan,Assess,,14-Oct-20,21-Oct-20,2,,,0.25,104.77,Account,7,#REF!,#REF!,#REF!,104.77,#REF!,#REF!,Wed,Wed
A00200,West,Ling,Replace,,14-Oct-20,17-Oct-20,1,,,0.5,154.58,C.O.D.,3,#REF!,#REF!,#REF!,154.58,#REF!,#REF!,Wed,Sat
A00201,East,Burton,Assess,,15-Oct-20,17-Oct-20,1,,,0.25,127.03,P.O.,2,#REF!,#REF!,#REF!,127.03,#REF!,#REF!,Thu,Sat
A00202,South,Khan,Assess,Yes,15-Oct-20,17-Oct-20,2,Yes,,0.75,319.4,C.O.D.,2,#REF!,#REF!,#REF!,319.4,#REF!,#REF!,Thu,Sat
A00203,Southwest,Michner,Assess,,15-Oct-20,17-Oct-20,2,Yes,,0.25,515.2,C.O.D.,2,#REF!,#REF!,#REF!,515.2,#REF!,#REF!,Thu,Sat
A00204,Southwest,Khan,Deliver,,16-Oct-20,18-Oct-20,1,,,0.75,40.12,C.O.D.,2,#REF!,#REF!,#REF!,40.12,#REF!,#REF!,Fri,Sun
A00205,Central,Burton,Replace,,16-Oct-20,21-Oct-20,2,,,1.5,118.64,Account,5,#REF!,#REF!,#REF!,118.64,#REF!,#REF!,Fri,Wed
A00206,Northwest,Khan,Assess,,17-Oct-20,31-Oct-20,1,,,0.25,42.33,Account,14,#REF!,#REF!,#REF!,42.33,#REF!,#REF!,Sat,Sat
A00207,North,Burton,Assess,Yes,17-Oct-20,22-Oct-20,1,,Yes,0.5,121.08,Account,5,#REF!,#REF!,#REF!,121.08,#REF!,#REF!,Sat,Thu
A00208,Northeast,Cartier,Assess,,18-Oct-20,25-Oct-20,1,,,0.5,20.66,C.O.D.,7,#REF!,#REF!,#REF!,20.66,#REF!,#REF!,Sun,Sun
A00209,South,Michner,Assess,,18-Oct-20,21-Oct-20,1,,,0.25,21.92,C.O.D.,3,#REF!,#REF!,#REF!,21.92,#REF!,#REF!,Sun,Wed
A00210,Central,Michner,Replace,,19-Oct-20,21-Oct-20,1,,,0.75,15.8,Account,2,#REF!,#REF!,#REF!,15.8,#REF!,#REF!,Mon,Wed
A00211,Northeast,Michner,Assess,,19-Oct-20,21-Oct-20,1,,,0.25,45.93,C.O.D.,2,#REF!,#REF!,#REF!,45.93,#REF!,#REF!,Mon,Wed
A00212,West,Burton,Replace,,20-Oct-20,30-Oct-20,1,,,0.5,172.27,C.O.D.,10,#REF!,#REF!,#REF!,172.27,#REF!,#REF!,Tue,Fri
A00213,Central,Burton,Replace,,20-Oct-20,22-Oct-20,2,,,0.25,69.8,C.O.D.,2,#REF!,#REF!,#REF!,69.8,#REF!,#REF!,Tue,Thu
A00214,East,Ling,Assess,,21-Oct-20,23-Oct-20,1,,,2.0,194.06,Account,2,#REF!,#REF!,#REF!,194.06,#REF!,#REF!,Wed,Fri
A00215,Southeast,Khan,Assess,,21-Oct-20,26-Oct-20,1,,,0.25,30.51,C.O.D.,5,#REF!,#REF!,#REF!,30.51,#REF!,#REF!,Wed,Mon
A00216,South,Ling,Assess,,22-Oct-20,21-Nov-20,1,,,0.25,74.85,Account,30,#REF!,#REF!,#REF!,74.85,#REF!,#REF!,Thu,Sat
A00217,East,Lopez,Assess,,22-Oct-20,29-Oct-20,2,,,0.5,143.75,Account,7,#REF!,#REF!,#REF!,143.75,#REF!,#REF!,Thu,Thu
A00218,East,Burton,Deliver,,23-Oct-20,06-Nov-20,1,,,0.25,123.4,Account,14,#REF!,#REF!,#REF!,123.4,#REF!,#REF!,Fri,Fri
A00219,Northeast,Cartier,Assess,,23-Oct-20,26-Oct-20,2,,,0.5,382.22,Account,3,#REF!,#REF!,#REF!,382.22,#REF!,#REF!,Fri,Mon
A00220,West,Burton,Assess,Yes,24-Oct-20,27-Oct-20,1,,,0.25,189.34,Account,3,#REF!,#REF!,#REF!,189.34,#REF!,#REF!,Sat,Tue
A00221,North,Khan,Assess,,24-Oct-20,25-Oct-20,1,,,0.25,12.78,P.O.,1,#REF!,#REF!,#REF!,12.78,#REF!,#REF!,Sat,Sun
A00222,Central,Ling,Assess,,24-Oct-20,25-Oct-20,2,,,0.5,23.38,P.O.,1,#REF!,#REF!,#REF!,23.38,#REF!,#REF!,Sat,Sun
A00223,East,Khan,Replace,,25-Oct-20,01-Nov-20,1,Yes,,0.5,154.28,Account,7,#REF!,#REF!,#REF!,154.28,#REF!,#REF!,Sun,Sun
A00224,Southeast,Khan,Assess,,25-Oct-20,30-Oct-20,1,,,0.75,38.17,Account,5,#REF!,#REF!,#REF!,38.17,#REF!,#REF!,Sun,Fri
A00225,South,Michner,Assess,,26-Oct-20,29-Oct-20,1,,,0.5,43.87,Account,3,#REF!,#REF!,#REF!,43.87,#REF!,#REF!,Mon,Thu
A00226,East,Cartier,Assess,,26-Oct-20,27-Oct-20,1,,,0.5,142.54,C.O.D.,1,#REF!,#REF!,#REF!,142.54,#REF!,#REF!,Mon,Tue
A00227,South,Cartier,Deliver,,27-Oct-20,01-Nov-20,1,,,1.75,21.21,Account,5,#REF!,#REF!,#REF!,21.21,#REF!,#REF!,Tue,Sun
A00228,North,Ling,Assess,Yes,27-Oct-20,28-Oct-20,1,,Yes,0.75,77.41,Account,1,#REF!,#REF!,#REF!,77.41,#REF!,#REF!,Tue,Wed
A00229,North,Cartier,Assess,Yes,28-Oct-20,04-Nov-20,1,,,0.25,14.66,P.O.,7,#REF!,#REF!,#REF!,14.66,#REF!,#REF!,Wed,Wed
A00230,North,Khan,Replace,Yes,28-Oct-20,31-Oct-20,2,,,0.5,496.81,P.O.,3,#REF!,#REF!,#REF!,496.81,#REF!,#REF!,Wed,Sat
A00231,South,Khan,Replace,Yes,29-Oct-20,03-Nov-20,1,Yes,,0.5,98.76,Account,5,#REF!,#REF!,#REF!,98.76,#REF!,#REF!,Thu,Tue
A00232,Southwest,Khan,Repair,Yes,29-Oct-20,31-Oct-20,1,,Yes,1.5,327.82,P.O.,2,#REF!,#REF!,#REF!,327.82,#REF!,#REF!,Thu,Sat
A00233,Central,Lopez,Assess,,30-Oct-20,01-Nov-20,1,,,0.25,104.9,C.O.D.,2,#REF!,#REF!,#REF!,104.9,#REF!,#REF!,Fri,Sun
A00234,South,Cartier,Deliver,,30-Oct-20,04-Nov-20,1,,,1.0,16.83,Account,5,#REF!,#REF!,#REF!,16.83,#REF!,#REF!,Fri,Wed
A00235,South,Burton,Assess,Yes,31-Oct-20,14-Nov-20,1,,,2.0,26.41,P.O.,14,#REF!,#REF!,#REF!,26.41,#REF!,#REF!,Sat,Sat
A00236,South,Ling,Assess,,31-Oct-20,30-Nov-20,2,,,0.5,252.35,C.O.D.,30,#REF!,#REF!,#REF!,252.35,#REF!,#REF!,Sat,Mon
A00237,Northeast,Burton,Deliver,,01-Nov-20,06-Nov-20,1,,,1.75,25.92,C.O.D.,5,#REF!,#REF!,#REF!,25.92,#REF!,#REF!,Sun,Fri
A00238,East,Cartier,Repair,,01-Nov-20,03-Nov-20,1,,,0.25,175.78,Account,2,#REF!,#REF!,#REF!,175.78,#REF!,#REF!,Sun,Tue
A00239,Southeast,Lopez,Assess,,02-Nov-20,12-Nov-20,1,,,0.5,13.59,C.O.D.,10,#REF!,#REF!,#REF!,13.59,#REF!,#REF!,Mon,Thu
A00240,Central,Michner,Assess,,02-Nov-20,04-Nov-20,2,,,1.75,25.48,P.O.,2,#REF!,#REF!,#REF!,25.48,#REF!,#REF!,Mon,Wed
A00241,South,Burton,Assess,,02-Nov-20,07-Nov-20,2,,,0.25,21.82,P.O.,5,#REF!,#REF!,#REF!,21.82,#REF!,#REF!,Mon,Sat
A00242,West,Cartier,Assess,,03-Nov-20,03-Dec-20,1,,,0.5,217.47,Account,30,#REF!,#REF!,#REF!,217.47,#REF!,#REF!,Tue,Thu
A00243,South,Michner,Assess,Yes,03-Nov-20,04-Nov-20,1,,,0.75,154.48,Account,1,#REF!,#REF!,#REF!,154.48,#REF!,#REF!,Tue,Wed
A00244,West,Michner,Assess,,04-Nov-20,05-Nov-20,2,,,1.75,77.81,C.O.D.,1,#REF!,#REF!,#REF!,77.81,#REF!,#REF!,Wed,Thu
A00245,Southwest,Ling,Repair,,04-Nov-20,07-Nov-20,1,,,0.25,255.61,C.O.D.,3,#REF!,#REF!,#REF!,255.61,#REF!,#REF!,Wed,Sat
A00246,Northeast,Burton,Assess,,05-Nov-20,10-Nov-20,1,,,0.5,14.66,C.O.D.,5,#REF!,#REF!,#REF!,14.66,#REF!,#REF!,Thu,Tue
A00247,Northeast,Burton,Repair,Yes,05-Nov-20,07-Nov-20,2,,,0.25,151.34,Account,2,#REF!,#REF!,#REF!,151.34,#REF!,#REF!,Thu,Sat
A00248,Southwest,Burton,Assess,,06-Nov-20,08-Nov-20,1,,,3.5,31.94,Account,2,#REF!,#REF!,#REF!,31.94,#REF!,#REF!,Fri,Sun
A00249,South,Michner,Repair,,06-Nov-20,11-Nov-20,1,,,0.75,17.35,Account,5,#REF!,#REF!,#REF!,17.35,#REF!,#REF!,Fri,Wed
A00250,North,Burton,Repair,Yes,07-Nov-20,09-Nov-20,1,,,0.25,191.93,P.O.,2,#REF!,#REF!,#REF!,191.93,#REF!,#REF!,Sat,Mon
A00251,North,Khan,Deliver,,07-Nov-20,08-Nov-20,1,,,0.25,113.09,C.O.D.,1,#REF!,#REF!,#REF!,113.09,#REF!,#REF!,Sat,Sun
A00252,South,Lopez,Assess,,08-Nov-20,18-Nov-20,2,,,0.5,127.54,C.O.D.,10,#REF!,#REF!,#REF!,127.54,#REF!,#REF!,Sun,Wed
A00253,Northeast,Lopez,Replace,Yes,08-Nov-20,10-Nov-20,1,,,1.5,107.68,C.O.D.,2,#REF!,#REF!,#REF!,107.68,#REF!,#REF!,Sun,Tue
A00254,Central,Khan,Assess,,09-Nov-20,12-Nov-20,1,,,0.25,258.98,Account,3,#REF!,#REF!,#REF!,258.98,#REF!,#REF!,Mon,Thu
A00255,West,Ling,Assess,,09-Nov-20,29-Nov-20,1,,,0.25,139.6,Account,20,#REF!,#REF!,#REF!,139.6,#REF!,#REF!,Mon,Sun
A00256,Central,Burton,Assess,,10-Nov-20,15-Nov-20,1,,,1.0,35.47,P.O.,5,#REF!,#REF!,#REF!,35.47,#REF!,#REF!,Tue,Sun
A00257,Northeast,Burton,Replace,Yes,10-Nov-20,13-Nov-20,1,Yes,,1.0,116.22,Account,3,#REF!,#REF!,#REF!,116.22,#REF!,#REF!,Tue,Fri
A00258,West,Lopez,Replace,Yes,11-Nov-20,18-Nov-20,1,,,1.5,40.89,C.O.D.,7,#REF!,#REF!,#REF!,40.89,#REF!,#REF!,Wed,Wed
A00259,North,Cartier,Deliver,Yes,11-Nov-20,16-Nov-20,2,,,2.0,36.46,P.O.,5,#REF!,#REF!,#REF!,36.46,#REF!,#REF!,Wed,Mon
A00260,Northwest,Burton,Assess,,12-Nov-20,15-Nov-20,1,,,0.25,72.03,P.O.,3,#REF!,#REF!,#REF!,72.03,#REF!,#REF!,Thu,Sun
A00261,East,Ling,Assess,Yes,12-Nov-20,14-Nov-20,1,,,0.25,270.7,Account,2,#REF!,#REF!,#REF!,270.7,#REF!,#REF!,Thu,Sat
A00262,Southwest,Khan,Assess,Yes,12-Nov-20,15-Nov-20,1,,,0.25,16.98,C.O.D.,3,#REF!,#REF!,#REF!,16.98,#REF!,#REF!,Thu,Sun
A00263,East,Khan,Deliver,Yes,13-Nov-20,18-Nov-20,1,,,0.5,16.67,P.O.,5,#REF!,#REF!,#REF!,16.67,#REF!,#REF!,Fri,Wed
A00264,East,Burton,Assess,,13-Nov-20,15-Nov-20,1,,,0.25,97.43,Account,2,#REF!,#REF!,#REF!,97.43,#REF!,#REF!,Fri,Sun
A00265,East,Lopez,Repair,,14-Nov-20,16-Nov-20,1,,Yes,0.5,47.7,C.O.D.,2,#REF!,#REF!,#REF!,47.7,#REF!,#REF!,Sat,Mon
A00266,Northwest,Burton,Assess,,14-Nov-20,17-Nov-20,1,,,0.75,432.94,Account,3,#REF!,#REF!,#REF!,432.94,#REF!,#REF!,Sat,Tue
A00267,Northwest,Ling,Repair,,15-Nov-20,20-Nov-20,1,,,0.75,95.0,C.O.D.,5,#REF!,#REF!,#REF!,95.0,#REF!,#REF!,Sun,Fri
A00268,Northeast,Khan,Assess,Yes,15-Nov-20,25-Nov-20,2,Yes,,1.75,222.92,C.O.D.,10,#REF!,#REF!,#REF!,222.92,#REF!,#REF!,Sun,Wed
A00269,South,Lopez,Replace,,16-Nov-20,21-Nov-20,2,,,0.75,112.95,C.O.D.,5,#REF!,#REF!,#REF!,112.95,#REF!,#REF!,Mon,Sat
A00270,Northwest,Michner,Repair,,16-Nov-20,26-Nov-20,2,,,0.5,216.84,Account,10,#REF!,#REF!,#REF!,216.84,#REF!,#REF!,Mon,Thu
A00271,Southwest,Ling,Assess,Yes,17-Nov-20,22-Nov-20,1,,,0.5,121.41,C.O.D.,5,#REF!,#REF!,#REF!,121.41,#REF!,#REF!,Tue,Sun
A00272,Northwest,Lopez,Replace,Yes,17-Nov-20,20-Nov-20,1,,,0.5,251.33,C.O.D.,3,#REF!,#REF!,#REF!,251.33,#REF!,#REF!,Tue,Fri
A00273,East,Ling,Assess,Yes,18-Nov-20,21-Nov-20,1,,,0.5,72.68,C.O.D.,3,#REF!,#REF!,#REF!,72.68,#REF!,#REF!,Wed,Sat
A00274,East,Cartier,Assess,,18-Nov-20,25-Nov-20,1,Yes,,0.5,38.85,Account,7,#REF!,#REF!,#REF!,38.85,#REF!,#REF!,Wed,Wed
A00275,West,Ling,Assess,,19-Nov-20,21-Nov-20,2,,,0.25,164.25,Account,2,#REF!,#REF!,#REF!,164.25,#REF!,#REF!,Thu,Sat
A00276,Southwest,Michner,Assess,,19-Nov-20,09-Dec-20,2,,,0.25,201.74,Account,20,#REF!,#REF!,#REF!,201.74,#REF!,#REF!,Thu,Wed
A00277,West,Burton,Assess,,20-Nov-20,04-Dec-20,1,,,1.75,122.94,C.O.D.,14,#REF!,#REF!,#REF!,122.94,#REF!,#REF!,Fri,Fri
A00278,Southwest,Lopez,Assess,,20-Nov-20,04-Dec-20,1,,,0.75,110.1,Account,14,#REF!,#REF!,#REF!,110.1,#REF!,#REF!,Fri,Fri
A00279,Northeast,Cartier,Deliver,,21-Nov-20,24-Nov-20,1,,,0.5,118.5,Account,3,#REF!,#REF!,#REF!,118.5,#REF!,#REF!,Sat,Tue
A00280,South,Khan,Assess,,21-Nov-20,28-Nov-20,1,,,0.25,134.42,Account,7,#REF!,#REF!,#REF!,134.42,#REF!,#REF!,Sat,Sat
A00281,Southwest,Michner,Assess,Yes,21-Nov-20,26-Nov-20,1,,,0.5,164.23,C.O.D.,5,#REF!,#REF!,#REF!,164.23,#REF!,#REF!,Sat,Thu
A00282,Central,Burton,Replace,,22-Nov-20,22-Dec-20,2,,,0.5,121.19,Account,30,#REF!,#REF!,#REF!,121.19,#REF!,#REF!,Sun,Tue
A00283,Northwest,Khan,Replace,,22-Nov-20,25-Nov-20,1,,,0.25,105.69,P.O.,3,#REF!,#REF!,#REF!,105.69,#REF!,#REF!,Sun,Wed
A00284,Northwest,Burton,Assess,,23-Nov-20,28-Nov-20,1,,,0.5,660.42,Account,5,#REF!,#REF!,#REF!,660.42,#REF!,#REF!,Mon,Sat
A00285,Northwest,Burton,Assess,,23-Nov-20,26-Nov-20,1,,,0.5,24.7,Account,3,#REF!,#REF!,#REF!,24.7,#REF!,#REF!,Mon,Thu
A00286,North,Burton,Repair,,24-Nov-20,01-Dec-20,2,,,0.25,599.38,P.O.,7,#REF!,#REF!,#REF!,599.38,#REF!,#REF!,Tue,Tue
A00287,Southwest,Michner,Replace,,24-Nov-20,29-Nov-20,1,,,0.5,97.33,Account,5,#REF!,#REF!,#REF!,97.33,#REF!,#REF!,Tue,Sun
A00288,West,Khan,Assess,,25-Nov-20,26-Nov-20,1,,,0.5,56.25,Account,1,#REF!,#REF!,#REF!,56.25,#REF!,#REF!,Wed,Thu
A00289,West,Lopez,Replace,,25-Nov-20,28-Nov-20,2,,,0.5,95.95,Account,3,#REF!,#REF!,#REF!,95.95,#REF!,#REF!,Wed,Sat
A00290,Central,Michner,Deliver,,26-Nov-20,01-Dec-20,2,,,1.0,59.23,Account,5,#REF!,#REF!,#REF!,59.23,#REF!,#REF!,Thu,Tue
A00291,Central,Lopez,Repair,,26-Nov-20,28-Nov-20,1,,,1.0,319.8,Account,2,#REF!,#REF!,#REF!,319.8,#REF!,#REF!,Thu,Sat
A00292,Northwest,Michner,Assess,,27-Nov-20,02-Dec-20,2,,,0.25,90.56,C.O.D.,5,#REF!,#REF!,#REF!,90.56,#REF!,#REF!,Fri,Wed
A00293,West,Lopez,Assess,,27-Nov-20,29-Nov-20,1,,,0.75,32.29,Account,2,#REF!,#REF!,#REF!,32.29,#REF!,#REF!,Fri,Sun
A00294,Southwest,Lopez,Assess,,28-Nov-20,05-Dec-20,1,,Yes,0.25,30.91,Account,7,#REF!,#REF!,#REF!,30.91,#REF!,#REF!,Sat,Sat
A00295,Central,Burton,Replace,Yes,28-Nov-20,01-Dec-20,2,,,0.25,129.85,C.O.D.,3,#REF!,#REF!,#REF!,129.85,#REF!,#REF!,Sat,Tue
A00296,East,Burton,Assess,Yes,29-Nov-20,02-Dec-20,1,,,1.0,171.24,C.O.D.,3,#REF!,#REF!,#REF!,171.24,#REF!,#REF!,Sun,Wed
A00297,South,Michner,Assess,,29-Nov-20,30-Nov-20,2,,,0.25,128.28,Account,1,#REF!,#REF!,#REF!,128.28,#REF!,#REF!,Sun,Mon
A00298,East,Ling,Deliver,,30-Nov-20,10-Dec-20,1,,,0.5,95.52,Account,10,#REF!,#REF!,#REF!,95.52,#REF!,#REF!,Mon,Thu
A00299,West,Lopez,Assess,Yes,30-Nov-20,02-Dec-20,1,,,1.0,72.29,P.O.,2,#REF!,#REF!,#REF!,72.29,#REF!,#REF!,Mon,Wed
A00300,North,Khan,Repair,,30-Nov-20,02-Dec-20,1,,,0.25,290.94,Account,2,#REF!,#REF!,#REF!,290.94,#REF!,#REF!,Mon,Wed
A00301,South,Cartier,Assess,,01-Dec-20,06-Dec-20,1,,,0.25,172.97,C.O.D.,5,#REF!,#REF!,#REF!,172.97,#REF!,#REF!,Tue,Sun
A00302,Northeast,Khan,Replace,,01-Dec-20,06-Dec-20,1,,,1.75,173.0,Account,5,#REF!,#REF!,#REF!,173.0,#REF!,#REF!,Tue,Sun
A00303,West,Cartier,Replace,Yes,02-Dec-20,04-Dec-20,1,,,1.0,21.04,Account,2,#REF!,#REF!,#REF!,21.04,#REF!,#REF!,Wed,Fri
A00304,North,Khan,Repair,,02-Dec-20,03-Dec-20,1,,,0.75,136.41,C.O.D.,1,#REF!,#REF!,#REF!,136.41,#REF!,#REF!,Wed,Thu
A00305,South,Lopez,Deliver,Yes,03-Dec-20,04-Dec-20,1,,,1.5,100.77,C.O.D.,1,#REF!,#REF!,#REF!,100.77,#REF!,#REF!,Thu,Fri
A00306,North,Lopez,Assess,,03-Dec-20,05-Dec-20,1,,,0.25,50.89,P.O.,2,#REF!,#REF!,#REF!,50.89,#REF!,#REF!,Thu,Sat
A00307,Central,Michner,Assess,,04-Dec-20,09-Dec-20,1,,,1.0,313.99,Account,5,#REF!,#REF!,#REF!,313.99,#REF!,#REF!,Fri,Wed
A00308,East,Michner,Deliver,Yes,04-Dec-20,11-Dec-20,1,,,0.25,180.4,Account,7,#REF!,#REF!,#REF!,180.4,#REF!,#REF!,Fri,Fri
A00309,South,Lopez,Assess,,05-Dec-20,10-Dec-20,1,Yes,,0.25,62.8,Account,5,#REF!,#REF!,#REF!,62.8,#REF!,#REF!,Sat,Thu
A00310,North,Cartier,Assess,,05-Dec-20,12-Dec-20,1,,,1.0,80.76,Account,7,#REF!,#REF!,#REF!,80.76,#REF!,#REF!,Sat,Sat
A00311,Northeast,Khan,Replace,,06-Dec-20,11-Dec-20,2,,,1.0,39.88,C.O.D.,5,#REF!,#REF!,#REF!,39.88,#REF!,#REF!,Sun,Fri
A00312,Southeast,Cartier,Assess,,06-Dec-20,13-Dec-20,1,,,1.0,232.38,C.O.D.,7,#REF!,#REF!,#REF!,232.38,#REF!,#REF!,Sun,Sun
A00313,Southwest,Lopez,Deliver,Yes,07-Dec-20,08-Dec-20,1,,,1.0,685.55,Account,1,#REF!,#REF!,#REF!,685.55,#REF!,#REF!,Mon,Tue
A00314,West,Lopez,Deliver,,07-Dec-20,10-Dec-20,1,,,0.25,16.04,Account,3,#REF!,#REF!,#REF!,16.04,#REF!,#REF!,Mon,Thu
A00315,West,Khan,Replace,Yes,08-Dec-20,10-Dec-20,1,,,0.25,158.16,Account,2,#REF!,#REF!,#REF!,158.16,#REF!,#REF!,Tue,Thu
A00316,South,Cartier,Assess,Yes,08-Dec-20,11-Dec-20,1,,,0.75,176.92,P.O.,3,#REF!,#REF!,#REF!,176.92,#REF!,#REF!,Tue,Fri
A00317,West,Cartier,Assess,Yes,09-Dec-20,11-Dec-20,1,,,0.5,20.25,C.O.D.,2,#REF!,#REF!,#REF!,20.25,#REF!,#REF!,Wed,Fri
A00318,Southwest,Burton,Assess,,09-Dec-20,16-Dec-20,1,,,0.25,75.8,C.O.D.,7,#REF!,#REF!,#REF!,75.8,#REF!,#REF!,Wed,Wed
A00319,Southwest,Lopez,Replace,,10-Dec-20,13-Dec-20,1,Yes,,0.75,118.27,C.O.D.,3,#REF!,#REF!,#REF!,118.27,#REF!,#REF!,Thu,Sun
A00320,Central,Ling,Assess,,10-Dec-20,15-Dec-20,1,,,0.25,207.23,Account,5,#REF!,#REF!,#REF!,207.23,#REF!,#REF!,Thu,Tue
A00321,Northwest,Lopez,Assess,,10-Dec-20,13-Dec-20,2,Yes,,0.25,19.58,Account,3,#REF!,#REF!,#REF!,19.58,#REF!,#REF!,Thu,Sun
A00322,Southwest,Burton,Replace,Yes,11-Dec-20,13-Dec-20,1,,,0.25,51.21,Account,2,#REF!,#REF!,#REF!,51.21,#REF!,#REF!,Fri,Sun
A00323,Northwest,Lopez,Deliver,,11-Dec-20,18-Dec-20,1,,,0.25,296.8,Account,7,#REF!,#REF!,#REF!,296.8,#REF!,#REF!,Fri,Fri
A00324,North,Cartier,Assess,,12-Dec-20,17-Dec-20,1,,,0.25,269.09,Account,5,#REF!,#REF!,#REF!,269.09,#REF!,#REF!,Sat,Thu
A00325,Northeast,Michner,Replace,,12-Dec-20,22-Dec-20,2,,,0.25,62.05,Account,10,#REF!,#REF!,#REF!,62.05,#REF!,#REF!,Sat,Tue
A00326,Southwest,Ling,Assess,,13-Dec-20,02-Jan-21,2,,,0.75,107.02,P.O.,20,#REF!,#REF!,#REF!,107.02,#REF!,#REF!,Sun,Sat
A00327,Southwest,Michner,Replace,,13-Dec-20,15-Dec-20,1,,,0.25,362.08,C.O.D.,2,#REF!,#REF!,#REF!,362.08,#REF!,#REF!,Sun,Tue
A00328,South,Cartier,Replace,,14-Dec-20,19-Dec-20,1,,,0.5,470.84,C.O.D.,5,#REF!,#REF!,#REF!,470.84,#REF!,#REF!,Mon,Sat
A00329,Southeast,Ling,Assess,,14-Dec-20,17-Dec-20,2,,,0.25,141.83,Account,3,#REF!,#REF!,#REF!,141.83,#REF!,#REF!,Mon,Thu
A00330,Southwest,Lopez,Deliver,,15-Dec-20,17-Dec-20,1,,,1.5,105.35,Account,2,#REF!,#REF!,#REF!,105.35,#REF!,#REF!,Tue,Thu
A00331,West,Khan,Assess,,15-Dec-20,17-Dec-20,2,Yes,,0.5,53.12,C.O.D.,2,#REF!,#REF!,#REF!,53.12,#REF!,#REF!,Tue,Thu
A00332,East,Khan,Assess,Yes,16-Dec-20,21-Dec-20,2,,,0.5,34.29,C.O.D.,5,#REF!,#REF!,#REF!,34.29,#REF!,#REF!,Wed,Mon
A00333,South,Cartier,Repair,,16-Dec-20,19-Dec-20,1,,,0.75,218.53,Account,3,#REF!,#REF!,#REF!,218.53,#REF!,#REF!,Wed,Sat
A00334,Northwest,Cartier,Deliver,Yes,17-Dec-20,24-Dec-20,2,,Yes,0.5,28.17,C.O.D.,7,#REF!,#REF!,#REF!,28.17,#REF!,#REF!,Thu,Thu
A00335,Northwest,Lopez,Assess,,17-Dec-20,20-Dec-20,1,,,0.25,220.26,Account,3,#REF!,#REF!,#REF!,220.26,#REF!,#REF!,Thu,Sun
A00336,Central,Ling,Assess,,18-Dec-20,21-Dec-20,2,,,0.25,88.95,C.O.D.,3,#REF!,#REF!,#REF!,88.95,#REF!,#REF!,Fri,Mon
A00337,East,Lopez,Deliver,Yes,18-Dec-20,21-Dec-20,1,,,1.0,25.23,Account,3,#REF!,#REF!,#REF!,25.23,#REF!,#REF!,Fri,Mon
A00338,Southwest,Cartier,Assess,,19-Dec-20,21-Dec-20,1,,,0.75,209.41,C.O.D.,2,#REF!,#REF!,#REF!,209.41,#REF!,#REF!,Sat,Mon
A00339,North,Burton,Replace,,19-Dec-20,21-Dec-20,1,,,0.25,244.83,Account,2,#REF!,#REF!,#REF!,244.83,#REF!,#REF!,Sat,Mon
A00340,Southeast,Cartier,Replace,,19-Dec-20,29-Dec-20,1,,,0.75,75.47,C.O.D.,10,#REF!,#REF!,#REF!,75.47,#REF!,#REF!,Sat,Tue
A00341,North,Khan,Deliver,,20-Dec-20,03-Jan-21,2,,,0.25,34.73,Account,14,#REF!,#REF!,#REF!,34.73,#REF!,#REF!,Sun,Sun
A00342,West,Ling,Replace,,20-Dec-20,23-Dec-20,1,,,0.25,78.17,Account,3,#REF!,#REF!,#REF!,78.17,#REF!,#REF!,Sun,Wed
A00343,Northwest,Khan,Assess,,21-Dec-20,10-Jan-21,2,,,3.5,129.04,C.O.D.,20,#REF!,#REF!,#REF!,129.04,#REF!,#REF!,Mon,Sun
A00344,Southwest,Burton,Replace,Yes,21-Dec-20,26-Dec-20,1,,,0.25,45.73,Account,5,#REF!,#REF!,#REF!,45.73,#REF!,#REF!,Mon,Sat
A00345,Southwest,Michner,Replace,,22-Dec-20,25-Dec-20,1,,,0.25,264.2,P.O.,3,#REF!,#REF!,#REF!,264.2,#REF!,#REF!,Tue,Fri
A00346,Northwest,Khan,Repair,,22-Dec-20,25-Dec-20,1,,,0.25,117.4,P.O.,3,#REF!,#REF!,#REF!,117.4,#REF!,#REF!,Tue,Fri
A00347,East,Ling,Assess,,23-Dec-20,02-Jan-21,1,,,1.5,145.25,C.O.D.,10,#REF!,#REF!,#REF!,145.25,#REF!,#REF!,Wed,Sat
A00348,North,Ling,Replace,Yes,23-Dec-20,02-Jan-21,1,,,0.5,280.16,Account,10,#REF!,#REF!,#REF!,280.16,#REF!,#REF!,Wed,Sat
A00349,Central,Michner,Replace,,24-Dec-20,29-Dec-20,1,,,0.25,197.93,P.O.,5,#REF!,#REF!,#REF!,197.93,#REF!,#REF!,Thu,Tue
A00350,Northeast,Lopez,Assess,,24-Dec-20,26-Dec-20,1,,,0.25,66.4,Account,2,#REF!,#REF!,#REF!,66.4,#REF!,#REF!,Thu,Sat
A00351,Northeast,Cartier,Assess,,25-Dec-20,26-Dec-20,1,,,0.5,83.69,Account,1,#REF!,#REF!,#REF!,83.69,#REF!,#REF!,Fri,Sat
A00352,Northwest,Khan,Assess,,25-Dec-20,30-Dec-20,2,,,0.5,81.77,Account,5,#REF!,#REF!,#REF!,81.77,#REF!,#REF!,Fri,Wed
A00353,Northwest,Michner,Assess,Yes,26-Dec-20,29-Dec-20,1,,,0.25,97.47,P.O.,3,#REF!,#REF!,#REF!,97.47,#REF!,#REF!,Sat,Tue
A00354,Central,Cartier,Assess,,26-Dec-20,29-Dec-20,1,,,1.5,145.88,Account,3,#REF!,#REF!,#REF!,145.88,#REF!,#REF!,Sat,Tue
A00355,North,Ling,Replace,Yes,27-Dec-20,01-Jan-21,2,,,0.25,48.25,Account,5,#REF!,#REF!,#REF!,48.25,#REF!,#REF!,Sun,Fri
A00356,South,Lopez,Assess,,27-Dec-20,01-Jan-21,2,,,0.5,108.21,P.O.,5,#REF!,#REF!,#REF!,108.21,#REF!,#REF!,Sun,Fri
A00357,Central,Khan,Repair,,28-Dec-20,31-Dec-20,1,,,0.5,96.2,Account,3,#REF!,#REF!,#REF!,96.2,#REF!,#REF!,Mon,Thu
A00358,Southeast,Burton,Assess,,28-Dec-20,30-Dec-20,1,Yes,,0.5,30.9,Account,2,#REF!,#REF!,#REF!,30.9,#REF!,#REF!,Mon,Wed
A00359,Central,Cartier,Assess,,28-Dec-20,31-Dec-20,1,Yes,,0.25,87.92,C.O.D.,3,#REF!,#REF!,#REF!,87.92,#REF!,#REF!,Mon,Thu
A00360,East,Michner,Deliver,Yes,29-Dec-20,30-Dec-20,1,,,0.75,83.46,C.O.D.,1,#REF!,#REF!,#REF!,83.46,#REF!,#REF!,Tue,Wed
A00361,Southwest,Cartier,Replace,,29-Dec-20,08-Jan-21,1,,,0.5,98.51,Account,10,#REF!,#REF!,#REF!,98.51,#REF!,#REF!,Tue,Fri
A00362,East,Khan,Assess,Yes,30-Dec-20,04-Jan-21,1,,,0.25,71.01,C.O.D.,5,#REF!,#REF!,#REF!,71.01,#REF!,#REF!,Wed,Mon
A00363,North,Michner,Deliver,Yes,30-Dec-20,04-Jan-21,1,,Yes,0.5,152.38,Account,5,#REF!,#REF!,#REF!,152.38,#REF!,#REF!,Wed,Mon
A00364,Northeast,Cartier,Replace,,31-Dec-20,03-Jan-21,1,,,0.5,33.43,Account,3,#REF!,#REF!,#REF!,33.43,#REF!,#REF!,Thu,Sun
A00365,East,Michner,Assess,,31-Dec-20,07-Jan-21,1,Yes,,1.5,123.34,C.O.D.,7,#REF!,#REF!,#REF!,123.34,#REF!,#REF!,Thu,Thu
A00366,West,Khan,Assess,Yes,01-Jan-21,31-Jan-21,2,Yes,,0.5,34.62,Account,30,#REF!,#REF!,#REF!,34.62,#REF!,#REF!,Fri,Sun
A00367,Central,Lopez,Deliver,,01-Jan-21,11-Jan-21,1,,,0.25,419.75,C.O.D.,10,#REF!,#REF!,#REF!,419.75,#REF!,#REF!,Fri,Mon
A00368,Northeast,Ling,Assess,,02-Jan-21,05-Jan-21,2,,,0.75,55.38,Account,3,#REF!,#REF!,#REF!,55.38,#REF!,#REF!,Sat,Tue
A00369,Central,Ling,Replace,Yes,02-Jan-21,09-Jan-21,1,,,0.25,411.5,P.O.,7,#REF!,#REF!,#REF!,411.5,#REF!,#REF!,Sat,Sat
A00370,Northwest,Ling,Replace,,03-Jan-21,10-Jan-21,1,,,1.0,358.48,Account,7,#REF!,#REF!,#REF!,358.48,#REF!,#REF!,Sun,Sun
A00371,West,Michner,Replace,,03-Jan-21,06-Jan-21,1,,,0.5,124.19,P.O.,3,#REF!,#REF!,#REF!,124.19,#REF!,#REF!,Sun,Wed
A00372,North,Cartier,Deliver,,04-Jan-21,07-Jan-21,1,,,0.5,387.46,Account,3,#REF!,#REF!,#REF!,387.46,#REF!,#REF!,Mon,Thu
A00373,West,Ling,Assess,,04-Jan-21,06-Jan-21,1,,,0.25,16.25,P.O.,2,#REF!,#REF!,#REF!,16.25,#REF!,#REF!,Mon,Wed
A00374,Southeast,Lopez,Assess,,05-Jan-21,07-Jan-21,1,,,0.5,136.6,C.O.D.,2,#REF!,#REF!,#REF!,136.6,#REF!,#REF!,Tue,Thu
A00375,Central,Michner,Repair,,05-Jan-21,08-Jan-21,2,,Yes,0.25,12.78,Account,3,#REF!,#REF!,#REF!,12.78,#REF!,#REF!,Tue,Fri
A00376,East,Khan,Assess,,06-Jan-21,09-Jan-21,2,,,0.75,236.94,C.O.D.,3,#REF!,#REF!,#REF!,236.94,#REF!,#REF!,Wed,Sat
A00377,Southwest,Lopez,Assess,Yes,06-Jan-21,07-Jan-21,1,,,0.5,132.49,C.O.D.,1,#REF!,#REF!,#REF!,132.49,#REF!,#REF!,Wed,Thu
A00378,Central,Cartier,Deliver,,07-Jan-21,12-Jan-21,1,,,0.75,18.68,Account,5,#REF!,#REF!,#REF!,18.68,#REF!,#REF!,Thu,Tue
A00379,South,Cartier,Deliver,,07-Jan-21,10-Jan-21,1,,,0.5,234.09,C.O.D.,3,#REF!,#REF!,#REF!,234.09,#REF!,#REF!,Thu,Sun
A00380,East,Cartier,Assess,,07-Jan-21,09-Jan-21,2,,,1.0,85.1,C.O.D.,2,#REF!,#REF!,#REF!,85.1,#REF!,#REF!,Thu,Sat
A00381,West,Lopez,Assess,Yes,08-Jan-21,13-Jan-21,1,,,0.5,27.83,P.O.,5,#REF!,#REF!,#REF!,27.83,#REF!,#REF!,Fri,Wed
A00382,Southeast,Michner,Deliver,Yes,08-Jan-21,15-Jan-21,1,,,0.25,12.52,C.O.D.,7,#REF!,#REF!,#REF!,12.52,#REF!,#REF!,Fri,Fri
A00383,Northwest,Michner,Deliver,Yes,09-Jan-21,10-Jan-21,2,,,0.75,58.12,Account,1,#REF!,#REF!,#REF!,58.12,#REF!,#REF!,Sat,Sun
A00384,Central,Khan,Deliver,Yes,09-Jan-21,12-Jan-21,1,Yes,,0.5,69.35,P.O.,3,#REF!,#REF!,#REF!,69.35,#REF!,#REF!,Sat,Tue
A00385,North,Lopez,Assess,,10-Jan-21,15-Jan-21,1,,,0.25,34.42,C.O.D.,5,#REF!,#REF!,#REF!,34.42,#REF!,#REF!,Sun,Fri
A00386,North,Burton,Assess,Yes,10-Jan-21,15-Jan-21,2,,,0.75,136.49,Account,5,#REF!,#REF!,#REF!,136.49,#REF!,#REF!,Sun,Fri
A00387,Southeast,Burton,Deliver,,11-Jan-21,14-Jan-21,1,,,0.5,18.95,C.O.D.,3,#REF!,#REF!,#REF!,18.95,#REF!,#REF!,Mon,Thu
A00388,West,Lopez,Assess,,11-Jan-21,14-Jan-21,2,,,0.75,180.8,Account,3,#REF!,#REF!,#REF!,180.8,#REF!,#REF!,Mon,Thu
A00389,Northeast,Burton,Replace,Yes,12-Jan-21,15-Jan-21,2,,,0.5,116.36,Account,3,#REF!,#REF!,#REF!,116.36,#REF!,#REF!,Tue,Fri
A00390,Southwest,Khan,Assess,,12-Jan-21,13-Jan-21,1,,,0.25,302.89,C.O.D.,1,#REF!,#REF!,#REF!,302.89,#REF!,#REF!,Tue,Wed
A00391,Central,Khan,Replace,,13-Jan-21,20-Jan-21,1,,,0.5,409.75,C.O.D.,7,#REF!,#REF!,#REF!,409.75,#REF!,#REF!,Wed,Wed
A00392,West,Burton,Assess,,13-Jan-21,18-Jan-21,1,Yes,,0.25,188.94,C.O.D.,5,#REF!,#REF!,#REF!,188.94,#REF!,#REF!,Wed,Mon
A00393,Northwest,Ling,Assess,,14-Jan-21,16-Jan-21,1,,,0.25,55.27,C.O.D.,2,#REF!,#REF!,#REF!,55.27,#REF!,#REF!,Thu,Sat
A00394,Central,Khan,Replace,Yes,14-Jan-21,03-Feb-21,2,,,0.5,55.8,Account,20,#REF!,#REF!,#REF!,55.8,#REF!,#REF!,Thu,Wed
A00395,South,Lopez,Assess,,15-Jan-21,17-Jan-21,1,,,4.25,45.3,C.O.D.,2,#REF!,#REF!,#REF!,45.3,#REF!,#REF!,Fri,Sun
A00396,Northwest,Khan,Assess,,15-Jan-21,20-Jan-21,1,,,0.75,116.11,Account,5,#REF!,#REF!,#REF!,116.11,#REF!,#REF!,Fri,Wed
A00397,Northeast,Burton,Assess,Yes,16-Jan-21,26-Jan-21,1,,,0.25,167.41,C.O.D.,10,#REF!,#REF!,#REF!,167.41,#REF!,#REF!,Sat,Tue
A00398,South,Lopez,Assess,,16-Jan-21,17-Jan-21,1,,,0.5,55.63,C.O.D.,1,#REF!,#REF!,#REF!,55.63,#REF!,#REF!,Sat,Sun
A00399,East,Michner,Assess,,16-Jan-21,19-Jan-21,2,,,0.25,86.13,C.O.D.,3,#REF!,#REF!,#REF!,86.13,#REF!,#REF!,Sat,Tue
A00400,Northeast,Burton,Deliver,Yes,17-Jan-21,27-Jan-21,2,Yes,,1.0,45.75,P.O.,10,#REF!,#REF!,#REF!,45.75,#REF!,#REF!,Sun,Wed
A00401,Central,Burton,Repair,Yes,17-Jan-21,19-Jan-21,2,,,0.5,314.67,Account,2,#REF!,#REF!,#REF!,314.67,#REF!,#REF!,Sun,Tue
A00402,South,Lopez,Assess,Yes,18-Jan-21,20-Jan-21,2,Yes,,2.0,100.94,P.O.,2,#REF!,#REF!,#REF!,100.94,#REF!,#REF!,Mon,Wed
A00403,Northeast,Michner,Replace,,18-Jan-21,25-Jan-21,1,,,2.0,185.56,P.O.,7,#REF!,#REF!,#REF!,185.56,#REF!,#REF!,Mon,Mon
A00404,East,Lopez,Deliver,Yes,19-Jan-21,24-Jan-21,2,,,0.25,59.07,C.O.D.,5,#REF!,#REF!,#REF!,59.07,#REF!,#REF!,Tue,Sun
A00405,Northwest,Ling,Assess,,19-Jan-21,26-Jan-21,1,,,0.25,73.37,P.O.,7,#REF!,#REF!,#REF!,73.37,#REF!,#REF!,Tue,Tue
A00406,Southwest,Ling,Assess,,20-Jan-21,19-Feb-21,1,,,1.75,115.78,Account,30,#REF!,#REF!,#REF!,115.78,#REF!,#REF!,Wed,Fri
A00407,West,Ling,Replace,,20-Jan-21,27-Jan-21,1,,,1.0,452.19,Account,7,#REF!,#REF!,#REF!,452.19,#REF!,#REF!,Wed,Wed
A00408,Southwest,Khan,Assess,,21-Jan-21,31-Jan-21,1,,,1.75,117.06,Account,10,#REF!,#REF!,#REF!,117.06,#REF!,#REF!,Thu,Sun
A00409,Central,Burton,Deliver,,21-Jan-21,26-Jan-21,1,,,1.0,73.99,C.O.D.,5,#REF!,#REF!,#REF!,73.99,#REF!,#REF!,Thu,Tue
A00410,West,Lopez,Assess,,22-Jan-21,01-Feb-21,1,,,0.25,133.79,Account,10,#REF!,#REF!,#REF!,133.79,#REF!,#REF!,Fri,Mon
A00411,Central,Ling,Assess,,22-Jan-21,24-Jan-21,2,,,0.75,189.45,C.O.D.,2,#REF!,#REF!,#REF!,189.45,#REF!,#REF!,Fri,Sun
A00412,Southwest,Khan,Replace,Yes,23-Jan-21,25-Jan-21,1,Yes,,0.5,103.62,C.O.D.,2,#REF!,#REF!,#REF!,103.62,#REF!,#REF!,Sat,Mon
A00413,Northwest,Ling,Replace,Yes,23-Jan-21,24-Jan-21,1,,,0.25,12.68,C.O.D.,1,#REF!,#REF!,#REF!,12.68,#REF!,#REF!,Sat,Sun
A00414,Northwest,Cartier,Replace,,24-Jan-21,13-Feb-21,1,,,1.5,216.97,Account,20,#REF!,#REF!,#REF!,216.97,#REF!,#REF!,Sun,Sat
A00415,Southwest,Michner,Assess,,24-Jan-21,26-Jan-21,2,Yes,,0.5,119.68,C.O.D.,2,#REF!,#REF!,#REF!,119.68,#REF!,#REF!,Sun,Tue
A00416,South,Michner,Replace,,25-Jan-21,26-Jan-21,1,,,1.75,132.51,Account,1,#REF!,#REF!,#REF!,132.51,#REF!,#REF!,Mon,Tue
A00417,North,Khan,Replace,,25-Jan-21,30-Jan-21,1,Yes,,0.75,162.85,Account,5,#REF!,#REF!,#REF!,162.85,#REF!,#REF!,Mon,Sat
A00418,Southeast,Lopez,Replace,,25-Jan-21,08-Feb-21,1,,,0.25,41.3,C.O.D.,14,#REF!,#REF!,#REF!,41.3,#REF!,#REF!,Mon,Mon
A00419,North,Khan,Replace,,26-Jan-21,28-Jan-21,1,,,0.5,97.29,Account,2,#REF!,#REF!,#REF!,97.29,#REF!,#REF!,Tue,Thu
A00420,North,Cartier,Deliver,,26-Jan-21,09-Feb-21,1,,Yes,0.5,44.64,C.O.D.,14,#REF!,#REF!,#REF!,44.64,#REF!,#REF!,Tue,Tue
A00421,Southwest,Khan,Repair,,27-Jan-21,06-Feb-21,1,,,0.25,403.39,C.O.D.,10,#REF!,#REF!,#REF!,403.39,#REF!,#REF!,Wed,Sat
A00422,Southwest,Burton,Replace,Yes,27-Jan-21,16-Feb-21,1,,,0.75,47.1,C.O.D.,20,#REF!,#REF!,#REF!,47.1,#REF!,#REF!,Wed,Tue
A00423,Southeast,Cartier,Replace,Yes,28-Jan-21,02-Feb-21,1,,,0.25,56.47,Account,5,#REF!,#REF!,#REF!,56.47,#REF!,#REF!,Thu,Tue
A00424,North,Ling,Replace,,28-Jan-21,02-Feb-21,1,,,0.25,61.18,C.O.D.,5,#REF!,#REF!,#REF!,61.18,#REF!,#REF!,Thu,Tue
A00425,Southeast,Burton,Repair,Yes,29-Jan-21,30-Jan-21,1,,,0.5,179.31,Account,1,#REF!,#REF!,#REF!,179.31,#REF!,#REF!,Fri,Sat
A00426,South,Lopez,Repair,Yes,29-Jan-21,31-Jan-21,1,,,2.0,26.93,Account,2,#REF!,#REF!,#REF!,26.93,#REF!,#REF!,Fri,Sun
A00427,West,Khan,Assess,,30-Jan-21,06-Feb-21,1,,,0.5,50.02,Account,7,#REF!,#REF!,#REF!,50.02,#REF!,#REF!,Sat,Sat
A00428,Northwest,Lopez,Replace,,30-Jan-21,04-Feb-21,1,Yes,,0.5,155.31,Account,5,#REF!,#REF!,#REF!,155.31,#REF!,#REF!,Sat,Thu
A00429,South,Michner,Replace,,31-Jan-21,01-Feb-21,2,,,0.75,125.5,Account,1,#REF!,#REF!,#REF!,125.5,#REF!,#REF!,Sun,Mon
A00430,South,Ling,Assess,,31-Jan-21,02-Feb-21,1,,,0.75,269.96,Account,2,#REF!,#REF!,#REF!,269.96,#REF!,#REF!,Sun,Tue
A00431,South,Michner,Replace,Yes,01-Feb-21,06-Feb-21,1,,,0.5,349.41,Account,5,#REF!,#REF!,#REF!,349.41,#REF!,#REF!,Mon,Sat
A00432,Northwest,Michner,Assess,,01-Feb-21,08-Feb-21,2,,,0.25,210.03,P.O.,7,#REF!,#REF!,#REF!,210.03,#REF!,#REF!,Mon,Mon
A00433,Southwest,Cartier,Assess,Yes,02-Feb-21,12-Feb-21,1,,,0.75,39.88,C.O.D.,10,#REF!,#REF!,#REF!,39.88,#REF!,#REF!,Tue,Fri
A00434,West,Khan,Assess,,02-Feb-21,12-Feb-21,1,Yes,,0.5,41.6,C.O.D.,10,#REF!,#REF!,#REF!,41.6,#REF!,#REF!,Tue,Fri
A00435,Southeast,Lopez,Deliver,,03-Feb-21,08-Feb-21,2,Yes,,0.25,127.6,C.O.D.,5,#REF!,#REF!,#REF!,127.6,#REF!,#REF!,Wed,Mon
A00436,Northeast,Cartier,Deliver,,03-Feb-21,10-Feb-21,2,,,0.25,67.65,P.O.,7,#REF!,#REF!,#REF!,67.65,#REF!,#REF!,Wed,Wed
A00437,Northeast,Cartier,Assess,,04-Feb-21,09-Feb-21,2,,,0.5,104.39,Account,5,#REF!,#REF!,#REF!,104.39,#REF!,#REF!,Thu,Tue
A00438,South,Lopez,Replace,Yes,04-Feb-21,11-Feb-21,1,,,0.5,19.44,Account,7,#REF!,#REF!,#REF!,19.44,#REF!,#REF!,Thu,Thu
A00439,North,Cartier,Assess,,04-Feb-21,18-Feb-21,1,Yes,,0.5,197.81,P.O.,14,#REF!,#REF!,#REF!,197.81,#REF!,#REF!,Thu,Thu
A00440,Central,Ling,Deliver,,05-Feb-21,12-Feb-21,1,,,0.25,99.33,C.O.D.,7,#REF!,#REF!,#REF!,99.33,#REF!,#REF!,Fri,Fri
A00441,West,Khan,Deliver,,05-Feb-21,08-Feb-21,2,Yes,,0.5,97.04,P.O.,3,#REF!,#REF!,#REF!,97.04,#REF!,#REF!,Fri,Mon
A00442,East,Ling,Assess,,06-Feb-21,16-Feb-21,2,,,0.75,271.39,Account,10,#REF!,#REF!,#REF!,271.39,#REF!,#REF!,Sat,Tue
A00443,Southwest,Michner,Assess,,06-Feb-21,09-Feb-21,1,,,0.25,27.51,Account,3,#REF!,#REF!,#REF!,27.51,#REF!,#REF!,Sat,Tue
A00444,South,Ling,Replace,,07-Feb-21,08-Feb-21,1,,,0.5,170.7,P.O.,1,#REF!,#REF!,#REF!,170.7,#REF!,#REF!,Sun,Mon
A00445,Central,Burton,Assess,,07-Feb-21,09-Feb-21,1,,,0.5,44.52,Account,2,#REF!,#REF!,#REF!,44.52,#REF!,#REF!,Sun,Tue
A00446,Northeast,Cartier,Replace,,08-Feb-21,28-Feb-21,2,,,0.5,180.59,Account,20,#REF!,#REF!,#REF!,180.59,#REF!,#REF!,Mon,Sun
A00447,Northwest,Khan,Replace,Yes,08-Feb-21,11-Feb-21,2,,,1.75,81.88,P.O.,3,#REF!,#REF!,#REF!,81.88,#REF!,#REF!,Mon,Thu
A00448,East,Lopez,Deliver,,09-Feb-21,14-Feb-21,2,Yes,,0.5,246.15,C.O.D.,5,#REF!,#REF!,#REF!,246.15,#REF!,#REF!,Tue,Sun
A00449,East,Cartier,Replace,Yes,09-Feb-21,12-Feb-21,2,,,0.75,87.57,P.O.,3,#REF!,#REF!,#REF!,87.57,#REF!,#REF!,Tue,Fri
A00450,Central,Michner,Deliver,,10-Feb-21,12-Feb-21,1,,,0.5,14.11,Account,2,#REF!,#REF!,#REF!,14.11,#REF!,#REF!,Wed,Fri
A00451,South,Cartier,Assess,,10-Feb-21,15-Feb-21,1,,,0.5,425.79,Account,5,#REF!,#REF!,#REF!,425.79,#REF!,#REF!,Wed,Mon
A00452,South,Lopez,Replace,,11-Feb-21,16-Feb-21,1,Yes,,0.25,42.33,Account,5,#REF!,#REF!,#REF!,42.33,#REF!,#REF!,Thu,Tue
A00453,Southeast,Michner,Assess,Yes,11-Feb-21,14-Feb-21,2,,,0.25,41.96,C.O.D.,3,#REF!,#REF!,#REF!,41.96,#REF!,#REF!,Thu,Sun
A00454,South,Ling,Assess,Yes,12-Feb-21,15-Feb-21,1,,,0.75,179.7,C.O.D.,3,#REF!,#REF!,#REF!,179.7,#REF!,#REF!,Fri,Mon
A00455,North,Cartier,Replace,Yes,12-Feb-21,17-Feb-21,2,,,0.25,71.96,Account,5,#REF!,#REF!,#REF!,71.96,#REF!,#REF!,Fri,Wed
A00456,Central,Ling,Replace,Yes,13-Feb-21,15-Feb-21,2,,,0.25,76.83,C.O.D.,2,#REF!,#REF!,#REF!,76.83,#REF!,#REF!,Sat,Mon
A00457,Northeast,Cartier,Assess,,13-Feb-21,16-Feb-21,1,,,0.5,37.48,Account,3,#REF!,#REF!,#REF!,37.48,#REF!,#REF!,Sat,Tue
A00458,Central,Lopez,Assess,,13-Feb-21,18-Feb-21,2,,,0.25,348.26,C.O.D.,5,#REF!,#REF!,#REF!,348.26,#REF!,#REF!,Sat,Thu
A00459,East,Lopez,Assess,,14-Feb-21,17-Feb-21,1,,,1.0,193.12,C.O.D.,3,#REF!,#REF!,#REF!,193.12,#REF!,#REF!,Sun,Wed
A00460,West,Lopez,Replace,Yes,14-Feb-21,16-Feb-21,1,,,0.25,76.89,P.O.,2,#REF!,#REF!,#REF!,76.89,#REF!,#REF!,Sun,Tue
A00461,Northeast,Michner,Replace,,15-Feb-21,25-Feb-21,1,,,0.75,81.31,C.O.D.,10,#REF!,#REF!,#REF!,81.31,#REF!,#REF!,Mon,Thu
A00462,Northeast,Cartier,Deliver,,15-Feb-21,16-Feb-21,1,,Yes,0.25,177.99,C.O.D.,1,#REF!,#REF!,#REF!,177.99,#REF!,#REF!,Mon,Tue
A00463,Central,Ling,Assess,,16-Feb-21,26-Feb-21,1,,,0.5,57.51,C.O.D.,10,#REF!,#REF!,#REF!,57.51,#REF!,#REF!,Tue,Fri
A00464,Northwest,Michner,Repair,,16-Feb-21,18-Feb-21,2,,,0.5,111.95,C.O.D.,2,#REF!,#REF!,#REF!,111.95,#REF!,#REF!,Tue,Thu
A00465,Central,Khan,Assess,,17-Feb-21,27-Feb-21,2,,,0.5,43.69,C.O.D.,10,#REF!,#REF!,#REF!,43.69,#REF!,#REF!,Wed,Sat
A00466,South,Burton,Replace,,17-Feb-21,03-Mar-21,1,,,1.0,86.7,P.O.,14,#REF!,#REF!,#REF!,86.7,#REF!,#REF!,Wed,Wed
A00467,South,Cartier,Replace,,18-Feb-21,23-Feb-21,1,Yes,,0.25,136.53,P.O.,5,#REF!,#REF!,#REF!,136.53,#REF!,#REF!,Thu,Tue
A00468,Northwest,Cartier,Replace,,18-Feb-21,19-Feb-21,1,,,0.5,144.73,C.O.D.,1,#REF!,#REF!,#REF!,144.73,#REF!,#REF!,Thu,Fri
A00469,West,Lopez,Deliver,,19-Feb-21,21-Feb-21,1,,,0.75,301.74,C.O.D.,2,#REF!,#REF!,#REF!,301.74,#REF!,#REF!,Fri,Sun
A00470,South,Ling,Deliver,,19-Feb-21,11-Mar-21,2,,,0.5,18.91,Account,20,#REF!,#REF!,#REF!,18.91,#REF!,#REF!,Fri,Thu
A00471,North,Burton,Deliver,Yes,20-Feb-21,23-Feb-21,1,,,2.0,150.53,Account,3,#REF!,#REF!,#REF!,150.53,#REF!,#REF!,Sat,Tue
A00472,Southwest,Cartier,Assess,,20-Feb-21,02-Mar-21,2,,Yes,0.5,238.08,Account,10,#REF!,#REF!,#REF!,238.08,#REF!,#REF!,Sat,Tue
A00473,Southeast,Ling,Repair,,21-Feb-21,24-Feb-21,1,,,0.5,199.44,Account,3,#REF!,#REF!,#REF!,199.44,#REF!,#REF!,Sun,Wed
A00474,West,Lopez,Assess,,21-Feb-21,23-Feb-21,1,,,3.5,34.29,Account,2,#REF!,#REF!,#REF!,34.29,#REF!,#REF!,Sun,Tue
A00475,Southeast,Cartier,Assess,Yes,22-Feb-21,23-Feb-21,1,,,0.5,64.88,Account,1,#REF!,#REF!,#REF!,64.88,#REF!,#REF!,Mon,Tue
A00476,Northwest,Burton,Assess,Yes,22-Feb-21,14-Mar-21,1,Yes,,0.25,224.65,C.O.D.,20,#REF!,#REF!,#REF!,224.65,#REF!,#REF!,Mon,Sun
A00477,East,Michner,Deliver,Yes,22-Feb-21,27-Feb-21,1,,,0.5,22.8,Account,5,#REF!,#REF!,#REF!,22.8,#REF!,#REF!,Mon,Sat
A00478,Southwest,Lopez,Assess,,23-Feb-21,26-Feb-21,1,,,0.75,192.6,P.O.,3,#REF!,#REF!,#REF!,192.6,#REF!,#REF!,Tue,Fri
A00479,Southeast,Ling,Repair,,23-Feb-21,26-Feb-21,2,,,0.5,140.57,C.O.D.,3,#REF!,#REF!,#REF!,140.57,#REF!,#REF!,Tue,Fri
A00480,Southeast,Khan,Deliver,,24-Feb-21,01-Mar-21,1,,,0.5,292.83,P.O.,5,#REF!,#REF!,#REF!,292.83,#REF!,#REF!,Wed,Mon
A00481,Northwest,Cartier,Replace,Yes,24-Feb-21,06-Mar-21,1,,,0.5,68.36,C.O.D.,10,#REF!,#REF!,#REF!,68.36,#REF!,#REF!,Wed,Sat
A00482,Northwest,Burton,Assess,,25-Feb-21,27-Feb-21,1,,,0.25,326.78,P.O.,2,#REF!,#REF!,#REF!,326.78,#REF!,#REF!,Thu,Sat
A00483,Southwest,Michner,Assess,,25-Feb-21,02-Mar-21,2,,,0.75,114.68,Account,5,#REF!,#REF!,#REF!,114.68,#REF!,#REF!,Thu,Tue
A00484,Southwest,Michner,Replace,Yes,26-Feb-21,28-Mar-21,1,,,1.0,201.27,C.O.D.,30,#REF!,#REF!,#REF!,201.27,#REF!,#REF!,Fri,Sun
A00485,Northwest,Burton,Assess,,26-Feb-21,05-Mar-21,1,,,1.75,359.82,C.O.D.,7,#REF!,#REF!,#REF!,359.82,#REF!,#REF!,Fri,Fri
A00486,Southeast,Ling,Assess,,27-Feb-21,13-Mar-21,2,,,0.5,158.62,P.O.,14,#REF!,#REF!,#REF!,158.62,#REF!,#REF!,Sat,Sat
A00487,South,Ling,Replace,,27-Feb-21,02-Mar-21,1,,,0.5,302.26,C.O.D.,3,#REF!,#REF!,#REF!,302.26,#REF!,#REF!,Sat,Tue
A00488,Southeast,Burton,Assess,,28-Feb-21,05-Mar-21,1,,,0.25,84.03,Account,5,#REF!,#REF!,#REF!,84.03,#REF!,#REF!,Sun,Fri
A00489,North,Ling,Assess,,28-Feb-21,01-Mar-21,1,Yes,,0.5,39.25,Account,1,#REF!,#REF!,#REF!,39.25,#REF!,#REF!,Sun,Mon
A00490,North,Khan,Assess,,01-Mar-21,06-Mar-21,2,,,0.5,58.44,C.O.D.,5,#REF!,#REF!,#REF!,58.44,#REF!,#REF!,Mon,Sat
A00491,Northeast,Khan,Assess,,01-Mar-21,04-Mar-21,1,,Yes,0.75,337.24,Account,3,#REF!,#REF!,#REF!,337.24,#REF!,#REF!,Mon,Thu
A00492,Central,Michner,Assess,,02-Mar-21,07-Mar-21,2,,,0.25,52.19,P.O.,5,#REF!,#REF!,#REF!,52.19,#REF!,#REF!,Tue,Sun
A00493,North,Khan,Assess,Yes,02-Mar-21,03-Mar-21,2,,,0.25,82.68,Account,1,#REF!,#REF!,#REF!,82.68,#REF!,#REF!,Tue,Wed
A00494,Northeast,Khan,Repair,Yes,03-Mar-21,06-Mar-21,2,,,0.25,45.43,C.O.D.,3,#REF!,#REF!,#REF!,45.43,#REF!,#REF!,Wed,Sat
A00495,Southeast,Michner,Assess,,03-Mar-21,05-Mar-21,1,,,0.75,179.42,C.O.D.,2,#REF!,#REF!,#REF!,179.42,#REF!,#REF!,Wed,Fri
A00496,Central,Ling,Assess,,04-Mar-21,09-Mar-21,1,,,0.75,76.06,Account,5,#REF!,#REF!,#REF!,76.06,#REF!,#REF!,Thu,Tue
A00497,West,Burton,Repair,,04-Mar-21,18-Mar-21,1,,,0.75,350.55,C.O.D.,14,#REF!,#REF!,#REF!,350.55,#REF!,#REF!,Thu,Thu
A00498,West,Michner,Assess,,04-Mar-21,14-Mar-21,1,,,0.25,121.29,Account,10,#REF!,#REF!,#REF!,121.29,#REF!,#REF!,Thu,Sun
A00499,Southwest,Lopez,Replace,,05-Mar-21,07-Mar-21,1,,,0.5,25.93,P.O.,2,#REF!,#REF!,#REF!,25.93,#REF!,#REF!,Fri,Sun
A00500,Central,Lopez,Replace,Yes,05-Mar-21,10-Mar-21,1,,,0.25,115.71,Account,5,#REF!,#REF!,#REF!,115.71,#REF!,#REF!,Fri,Wed
A00501,Northwest,Ling,Assess,,06-Mar-21,08-Mar-21,1,,,0.75,103.69,Account,2,#REF!,#REF!,#REF!,103.69,#REF!,#REF!,Sat,Mon
A00502,Northeast,Ling,Assess,Yes,06-Mar-21,08-Mar-21,2,,Yes,0.5,63.74,Account,2,#REF!,#REF!,#REF!,63.74,#REF!,#REF!,Sat,Mon
A00503,North,Michner,Assess,,07-Mar-21,08-Mar-21,1,,,1.5,176.56,Account,1,#REF!,#REF!,#REF!,176.56,#REF!,#REF!,Sun,Mon
A00504,Northeast,Michner,Deliver,,07-Mar-21,21-Mar-21,1,,,0.5,305.37,C.O.D.,14,#REF!,#REF!,#REF!,305.37,#REF!,#REF!,Sun,Sun
A00505,Northeast,Ling,Replace,,08-Mar-21,10-Mar-21,1,,,1.75,27.66,P.O.,2,#REF!,#REF!,#REF!,27.66,#REF!,#REF!,Mon,Wed
A00506,Southwest,Lopez,Assess,,08-Mar-21,13-Mar-21,1,,,0.5,60.94,P.O.,5,#REF!,#REF!,#REF!,60.94,#REF!,#REF!,Mon,Sat
A00507,Southeast,Burton,Assess,,09-Mar-21,19-Mar-21,2,,,0.5,44.09,C.O.D.,10,#REF!,#REF!,#REF!,44.09,#REF!,#REF!,Tue,Fri
A00508,Northeast,Ling,Assess,,09-Mar-21,29-Mar-21,1,,,0.5,147.68,C.O.D.,20,#REF!,#REF!,#REF!,147.68,#REF!,#REF!,Tue,Mon
A00509,West,Cartier,Assess,Yes,10-Mar-21,11-Mar-21,1,,,1.0,110.21,Account,1,#REF!,#REF!,#REF!,110.21,#REF!,#REF!,Wed,Thu
A00510,Southwest,Ling,Deliver,,10-Mar-21,15-Mar-21,2,Yes,,0.5,74.44,C.O.D.,5,#REF!,#REF!,#REF!,74.44,#REF!,#REF!,Wed,Mon
A00511,East,Ling,Assess,Yes,11-Mar-21,16-Mar-21,1,,,0.25,356.63,Account,5,#REF!,#REF!,#REF!,356.63,#REF!,#REF!,Thu,Tue
A00512,Southeast,Michner,Assess,,11-Mar-21,13-Mar-21,1,,,1.5,41.58,P.O.,2,#REF!,#REF!,#REF!,41.58,#REF!,#REF!,Thu,Sat
A00513,North,Burton,Assess,,12-Mar-21,17-Mar-21,2,,,1.0,364.44,Account,5,#REF!,#REF!,#REF!,364.44,#REF!,#REF!,Fri,Wed
A00514,Central,Khan,Replace,,12-Mar-21,19-Mar-21,1,,,0.25,20.65,P.O.,7,#REF!,#REF!,#REF!,20.65,#REF!,#REF!,Fri,Fri
A00515,West,Michner,Deliver,,13-Mar-21,16-Mar-21,1,,,1.5,23.05,Account,3,#REF!,#REF!,#REF!,23.05,#REF!,#REF!,Sat,Tue
A00516,Southwest,Khan,Replace,Yes,13-Mar-21,15-Mar-21,1,,,1.0,367.86,Account,2,#REF!,#REF!,#REF!,367.86,#REF!,#REF!,Sat,Mon
A00517,South,Burton,Assess,,13-Mar-21,15-Mar-21,1,,,0.5,15.99,C.O.D.,2,#REF!,#REF!,#REF!,15.99,#REF!,#REF!,Sat,Mon
A00518,West,Michner,Replace,,14-Mar-21,15-Mar-21,1,,,0.25,98.88,Account,1,#REF!,#REF!,#REF!,98.88,#REF!,#REF!,Sun,Mon
A00519,North,Ling,Assess,Yes,14-Mar-21,15-Mar-21,2,Yes,,0.5,61.9,P.O.,1,#REF!,#REF!,#REF!,61.9,#REF!,#REF!,Sun,Mon
A00520,Southeast,Ling,Deliver,,15-Mar-21,16-Mar-21,1,,,0.5,33.62,C.O.D.,1,#REF!,#REF!,#REF!,33.62,#REF!,#REF!,Mon,Tue
A00521,Southeast,Burton,Replace,,15-Mar-21,25-Mar-21,1,,,0.75,19.5,Account,10,#REF!,#REF!,#REF!,19.5,#REF!,#REF!,Mon,Thu
A00522,Southeast,Lopez,Assess,,16-Mar-21,19-Mar-21,2,,,0.25,28.13,Account,3,#REF!,#REF!,#REF!,28.13,#REF!,#REF!,Tue,Fri
A00523,West,Khan,Assess,Yes,16-Mar-21,21-Mar-21,2,,,0.75,66.14,C.O.D.,5,#REF!,#REF!,#REF!,66.14,#REF!,#REF!,Tue,Sun
A00524,South,Ling,Repair,,17-Mar-21,19-Mar-21,1,,,0.5,184.59,C.O.D.,2,#REF!,#REF!,#REF!,184.59,#REF!,#REF!,Wed,Fri
A00525,East,Lopez,Assess,,17-Mar-21,22-Mar-21,1,,,1.0,39.51,P.O.,5,#REF!,#REF!,#REF!,39.51,#REF!,#REF!,Wed,Mon
A00526,North,Cartier,Replace,Yes,18-Mar-21,23-Mar-21,1,,,0.5,93.83,Account,5,#REF!,#REF!,#REF!,93.83,#REF!,#REF!,Thu,Tue
A00527,East,Lopez,Deliver,,18-Mar-21,23-Mar-21,2,,,2.0,146.94,C.O.D.,5,#REF!,#REF!,#REF!,146.94,#REF!,#REF!,Thu,Tue
A00528,North,Michner,Replace,Yes,19-Mar-21,22-Mar-21,1,,,0.25,14.73,Account,3,#REF!,#REF!,#REF!,14.73,#REF!,#REF!,Fri,Mon
A00529,North,Ling,Replace,,19-Mar-21,08-Apr-21,1,,,0.5,239.71,Account,20,#REF!,#REF!,#REF!,239.71,#REF!,#REF!,Fri,Thu
A00530,South,Lopez,Replace,Yes,20-Mar-21,27-Mar-21,1,,,0.25,48.4,Account,7,#REF!,#REF!,#REF!,48.4,#REF!,#REF!,Sat,Sat
A00531,North,Cartier,Replace,Yes,20-Mar-21,25-Mar-21,1,,,0.5,209.27,C.O.D.,5,#REF!,#REF!,#REF!,209.27,#REF!,#REF!,Sat,Thu
A00532,Southeast,Ling,Assess,,21-Mar-21,23-Mar-21,2,,,1.0,32.1,P.O.,2,#REF!,#REF!,#REF!,32.1,#REF!,#REF!,Sun,Tue
A00533,Northwest,Michner,Deliver,,21-Mar-21,20-Apr-21,2,,,0.75,362.59,Account,30,#REF!,#REF!,#REF!,362.59,#REF!,#REF!,Sun,Tue
A00534,East,Burton,Assess,,22-Mar-21,23-Mar-21,1,,,0.25,143.76,C.O.D.,1,#REF!,#REF!,#REF!,143.76,#REF!,#REF!,Mon,Tue
A00535,North,Khan,Assess,Yes,22-Mar-21,25-Mar-21,1,,,0.75,194.1,Account,3,#REF!,#REF!,#REF!,194.1,#REF!,#REF!,Mon,Thu
A00536,Central,Khan,Replace,,22-Mar-21,23-Mar-21,1,,,1.75,112.59,C.O.D.,1,#REF!,#REF!,#REF!,112.59,#REF!,#REF!,Mon,Tue
A00537,Southwest,Michner,Replace,,23-Mar-21,24-Mar-21,1,,,0.25,24.7,Account,1,#REF!,#REF!,#REF!,24.7,#REF!,#REF!,Tue,Wed
A00538,Northeast,Cartier,Replace,,23-Mar-21,22-Apr-21,1,,,0.25,90.16,Account,30,#REF!,#REF!,#REF!,90.16,#REF!,#REF!,Tue,Thu
A00539,West,Michner,Replace,Yes,24-Mar-21,27-Mar-21,1,,,0.5,154.37,C.O.D.,3,#REF!,#REF!,#REF!,154.37,#REF!,#REF!,Wed,Sat
A00540,West,Cartier,Assess,,24-Mar-21,31-Mar-21,1,,,0.75,56.6,Account,7,#REF!,#REF!,#REF!,56.6,#REF!,#REF!,Wed,Wed
A00541,Central,Burton,Replace,,25-Mar-21,01-Apr-21,1,,,0.5,23.3,Account,7,#REF!,#REF!,#REF!,23.3,#REF!,#REF!,Thu,Thu
A00542,Southeast,Michner,Assess,,25-Mar-21,27-Mar-21,2,,,0.75,47.39,Account,2,#REF!,#REF!,#REF!,47.39,#REF!,#REF!,Thu,Sat
A00543,North,Cartier,Deliver,,26-Mar-21,31-Mar-21,1,,,1.5,693.37,C.O.D.,5,#REF!,#REF!,#REF!,693.37,#REF!,#REF!,Fri,Wed
A00544,Central,Ling,Replace,,26-Mar-21,02-Apr-21,1,,,0.75,60.8,C.O.D.,7,#REF!,#REF!,#REF!,60.8,#REF!,#REF!,Fri,Fri
A00545,North,Michner,Assess,Yes,27-Mar-21,30-Mar-21,2,,,0.5,430.6,Account,3,#REF!,#REF!,#REF!,430.6,#REF!,#REF!,Sat,Tue
A00546,Central,Khan,Replace,,27-Mar-21,28-Mar-21,1,,,0.25,352.22,P.O.,1,#REF!,#REF!,#REF!,352.22,#REF!,#REF!,Sat,Sun
A00547,Southwest,Cartier,Assess,,28-Mar-21,31-Mar-21,1,,,0.25,214.16,P.O.,3,#REF!,#REF!,#REF!,214.16,#REF!,#REF!,Sun,Wed
A00548,South,Khan,Assess,,28-Mar-21,02-Apr-21,1,,,1.0,54.85,Account,5,#REF!,#REF!,#REF!,54.85,#REF!,#REF!,Sun,Fri
A00549,West,Khan,Replace,,29-Mar-21,03-Apr-21,1,,,1.0,115.74,Account,5,#REF!,#REF!,#REF!,115.74,#REF!,#REF!,Mon,Sat
A00550,South,Burton,Assess,,29-Mar-21,08-Apr-21,1,,,1.0,110.57,P.O.,10,#REF!,#REF!,#REF!,110.57,#REF!,#REF!,Mon,Thu
A00551,East,Khan,Replace,,30-Mar-21,02-Apr-21,2,,,0.25,90.24,C.O.D.,3,#REF!,#REF!,#REF!,90.24,#REF!,#REF!,Tue,Fri
A00552,South,Lopez,Assess,,30-Mar-21,09-Apr-21,1,,Yes,0.25,72.63,C.O.D.,10,#REF!,#REF!,#REF!,72.63,#REF!,#REF!,Tue,Fri
A00553,Central,Ling,Assess,,31-Mar-21,10-Apr-21,2,,,1.0,373.27,Account,10,#REF!,#REF!,#REF!,373.27,#REF!,#REF!,Wed,Sat
A00554,East,Burton,Deliver,,31-Mar-21,30-Apr-21,1,,,0.25,27.36,Account,30,#REF!,#REF!,#REF!,27.36,#REF!,#REF!,Wed,Fri
A00555,South,Burton,Deliver,,01-Apr-21,03-Apr-21,1,,,1.0,118.91,Account,2,#REF!,#REF!,#REF!,118.91,#REF!,#REF!,Thu,Sat
A00556,Northwest,Khan,Assess,Yes,01-Apr-21,14-Apr-21,1,,,0.25,23.4,Account,13,#REF!,#REF!,#REF!,23.4,#REF!,#REF!,Sat,Thu
A00557,East,Ling,Assess,,01-Apr-21,26-Apr-21,2,,,0.25,17.13,Account,25,#REF!,#REF!,#REF!,17.13,#REF!,#REF!,Sat,Tue
A00558,West,Lopez,Assess,,01-Apr-21,29-Apr-21,1,,,0.5,149.5,P.O.,28,#REF!,#REF!,#REF!,149.5,#REF!,#REF!,Sat,Tue
A00559,Northwest,Burton,Assess,,02-Apr-21,26-Apr-21,1,,,0.5,163.2,P.O.,24,#REF!,#REF!,#REF!,163.2,#REF!,#REF!,Sat,Tue
A00560,North,Ling,Assess,,03-Apr-21,15-Apr-21,2,,,0.25,14.76,Account,12,#REF!,#REF!,#REF!,14.76,#REF!,#REF!,Mon,Wed
A00561,Southeast,Cartier,Assess,,03-Apr-21,27-Apr-21,1,,,0.75,21.33,Account,24,#REF!,#REF!,#REF!,21.33,#REF!,#REF!,Mon,Fri
A00562,Northwest,Burton,Assess,,03-Apr-21,11-May-21,2,Yes,,1.0,304.51,C.O.D.,38,#REF!,#REF!,#REF!,304.51,#REF!,#REF!,Mon,Thu
A00563,Northeast,Khan,Assess,Yes,03-Apr-21,11-May-21,1,,,0.5,36.34,Account,38,#REF!,#REF!,#REF!,36.34,#REF!,#REF!,Mon,Wed
A00564,East,Ling,Assess,,05-Apr-21,14-Apr-21,2,,,0.5,21.33,Account,9,#REF!,#REF!,#REF!,21.33,#REF!,#REF!,Mon,Mon
A00565,North,Ling,Replace,,05-Apr-21,23-Apr-21,2,,,0.5,392.02,C.O.D.,18,#REF!,#REF!,#REF!,392.02,#REF!,#REF!,Mon,Tue
A00566,North,Ling,Assess,,05-Apr-21,29-Apr-21,1,,,0.25,151.79,Account,24,#REF!,#REF!,#REF!,151.79,#REF!,#REF!,Tue,Fri
A00567,Northwest,Cartier,Assess,,05-Apr-21,12-May-21,1,,,0.25,30.11,Account,37,#REF!,#REF!,#REF!,30.11,#REF!,#REF!,Tue,Mon
A00568,East,Ling,Replace,,05-Apr-21,17-May-21,2,,,0.75,13.36,C.O.D.,42,#REF!,#REF!,#REF!,13.36,#REF!,#REF!,Tue,Thu
A00569,Central,Cartier,Repair,,05-Apr-21,15-Jun-21,1,,,4.25,21.33,Account,71,#REF!,#REF!,#REF!,21.33,#REF!,#REF!,Tue,Tue
A00570,East,Ling,Assess,Yes,06-Apr-21,07-May-21,1,,,0.75,21.33,C.O.D.,31,#REF!,#REF!,#REF!,21.33,#REF!,#REF!,Tue,Thu
A00571,East,Ling,Deliver,Yes,06-Apr-21,10-May-21,1,,,0.25,21.6,Account,34,#REF!,#REF!,#REF!,21.6,#REF!,#REF!,Tue,Tue
A00572,Southeast,Burton,Deliver,Yes,06-Apr-21,20-May-21,1,,,0.25,108.96,C.O.D.,44,#REF!,#REF!,#REF!,108.96,#REF!,#REF!,Wed,Wed
A00573,West,Khan,Deliver,,06-Apr-21,25-May-21,1,,,1.75,342.6,C.O.D.,49,#REF!,#REF!,#REF!,342.6,#REF!,#REF!,Tue,Tue
A00574,Southwest,Khan,Assess,,06-Apr-21,27-May-21,2,,,0.75,40.0,P.O.,51,#REF!,#REF!,#REF!,40.0,#REF!,#REF!,Tue,Thu
A00575,Northeast,Khan,Replace,,06-Apr-21,29-Jun-21,1,,,0.25,259.2,C.O.D.,84,#REF!,#REF!,#REF!,259.2,#REF!,#REF!,Tue,Tue
A00576,North,Ling,Deliver,Yes,07-Apr-21,14-Apr-21,1,,,0.25,259.2,C.O.D.,7,#REF!,#REF!,#REF!,259.2,#REF!,#REF!,Wed,Wed
